SN	SV-MPR	VA-MPR	V15-MPR	TEMP-MPR(PCB)	COND	Pres	TILT(X)	TILT(Y)	TEMP(TILT)	T(w)	FRAME	TIMER	CHECK(SUM)	DATETAG	TIMETAG2
0068	12.0600000000	4.9800000000	14.9700000000	36.0000000000	39.7297402688	7.4018695740	-0.1798331504	5.6742382480	34678	17.4429949399	112	425.9700000000	0	2017-198	18:07:31.713
0068	12.0600000000	4.9800000000	14.9700000000	36.0000000000	39.7335642712	7.4081317310	-0.4170200997	5.4899652464	34678	17.4453012248	113	426.0800000000	0	2017-198	18:07:31.827
0068	12.0600000000	4.9500000000	14.9700000000	36.0000000000	39.7335642712	7.3956074170	-0.5817126399	5.4150704399	34678	17.4453012248	114	426.1700000000	0	2017-198	18:07:31.997
0068	12.0900000000	4.9800000000	14.9700000000	36.0000000000	39.7335642712	7.4081317310	-0.6194886246	5.4704918784	34678	17.4453012248	115	426.2900000000	0	2017-198	18:07:32.027
0068	12.0600000000	4.9500000000	15.0000000000	36.0000000000	39.7297402688	7.4143938880	-0.5167400988	5.5993250730	34678	17.4429949399	116	426.3900000000	0	2017-198	18:07:32.137
0068	11.9700000000	4.9800000000	14.9700000000	36.0000000000	39.7335642712	7.4081317310	-0.3837815253	5.6592550156	34678	17.4476075085	117	426.4900000000	0	2017-198	18:07:32.307
0068	12.0900000000	4.9800000000	15.0000000000	36.0000000000	39.7373882990	7.3956074170	-0.3505436636	5.6607533254	34677	17.4499137911	118	426.6000000000	0	2017-198	18:07:32.337
0068	12.0600000000	4.9800000000	14.9700000000	35.5000000000	39.7412123519	7.4018695740	-0.6406435781	5.5169292047	34677	17.4476075085	119	426.7600000000	0	2017-198	18:07:32.507
0068	12.0600000000	4.9800000000	14.9700000000	36.0000000000	39.7373882990	7.4081317310	-0.9821849020	5.4330445125	34676	17.4522200725	120	426.9000000000	0	2017-198	18:07:32.647
0068	12.0600000000	4.9800000000	15.0000000000	35.5000000000	39.7373882990	7.4018695740	-1.0048562354	5.6367807271	34676	17.4614451868	121	427.0000000000	0	2017-198	18:07:32.737
0068	12.0900000000	4.9800000000	15.0000000000	35.5000000000	39.7335642712	7.4081317310	-0.7192216461	6.1823465073	34676	17.4522200725	122	427.1600000000	0	2017-198	18:07:32.913
0068	12.0600000000	4.9800000000	14.9700000000	36.0000000000	39.7335642712	7.4206560450	-0.3309034439	6.2333261566	34676	17.4453012248	123	427.3100000000	0	2017-198	18:07:33.069
0068	12.0600000000	4.9800000000	14.9700000000	36.0000000000	39.7373882990	7.4143938880	-0.1450890656	6.0474170427	34676	17.4406886537	124	427.4000000000	0	2017-198	18:07:33.225
0068	12.0900000000	4.9800000000	15.0000000000	36.0000000000	39.7335642712	7.4143938880	-0.0635190583	5.7251834721	34675	17.4406886537	125	427.5100000000	0	2017-198	18:07:33.256
0068	12.0300000000	4.9800000000	14.9700000000	36.0000000000	39.7335642712	7.4143938880	0.2808403029	4.4136962578	34675	17.4383823664	127	427.8100000000	0	2017-198	18:07:33.554
0068	12.0000000000	4.9800000000	14.9700000000	35.5000000000	39.7335642712	7.4394425160	0.5118806418	4.0323584158	34675	17.4406886537	128	427.9100000000	0	2017-198	18:07:33.727
0068	12.0600000000	4.9800000000	15.0000000000	36.0000000000	39.7373882990	7.4269182020	0.6794765682	3.5496092866	34675	17.4406886537	129	428.0200000000	0	2017-198	18:07:33.757
0068	12.0600000000	4.9800000000	14.9700000000	36.5000000000	39.7373882990	7.4331803590	0.6145541729	3.0283513323	34674	17.4406886537	130	428.1200000000	0	2017-198	18:07:33.867
0068	12.0600000000	4.9800000000	15.0000000000	35.5000000000	39.7412123519	7.4457046730	0.3201044909	2.5910145353	34674	17.4383823664	131	428.2200000000	0	2017-198	18:07:34.047
0068	12.0300000000	4.9800000000	14.9700000000	36.0000000000	39.7412123519	7.4519668300	-0.1919182320	2.1584080742	34674	17.4406886537	132	428.3300000000	0	2017-198	18:07:34.077
0068	12.0300000000	4.9800000000	14.9700000000	36.0000000000	39.7412123519	7.4644911440	-0.6436657378	1.6649469744	34674	17.4499137911	133	428.4400000000	0	2017-198	18:07:34.187
0068	12.0900000000	4.9800000000	14.9700000000	36.0000000000	39.7412123519	7.4644911440	-0.8763897267	1.1926641040	34673	17.4522200725	134	428.5300000000	0	2017-198	18:07:34.357
0068	12.0300000000	4.9500000000	14.9700000000	36.0000000000	39.7373882990	7.4770154580	-0.9519569729	0.5525077202	34673	17.4453012248	135	428.6400000000	0	2017-198	18:07:34.387
0068	12.0900000000	4.9800000000	15.0000000000	36.0000000000	39.7373882990	7.4958019290	-0.9746278645	-0.3412971406	34674	17.4360760779	136	428.8000000000	0	2017-198	18:07:34.547
0068	12.0300000000	4.9800000000	14.9700000000	36.0000000000	39.7335642712	7.5083262430	-1.1696112089	-0.9340925316	34673	17.4337697882	137	428.9400000000	0	2017-198	18:07:34.701
0068	12.0600000000	4.9800000000	14.9700000000	35.5000000000	39.7373882990	7.5083262430	-1.4553287294	-1.1508863031	34673	17.4337697882	138	429.0400000000	0	2017-198	18:07:34.795
0068	12.0600000000	4.9800000000	14.9700000000	35.5000000000	39.7335642712	7.5271127140	-1.9452525623	-1.1820637315	34672	17.4314634972	139	429.2100000000	0	2017-198	18:07:34.966
0068	12.0000000000	4.9500000000	14.9700000000	36.0000000000	39.7373882990	7.5396370280	-2.0798574667	-0.8360689725	34672	17.4291572049	140	429.3500000000	0	2017-198	18:07:35.107
0068	12.0600000000	4.9800000000	14.9700000000	35.5000000000	39.7335642712	7.5584234990	-1.9618884918	-0.4884260645	34672	17.4314634972	141	429.4500000000	0	2017-198	18:07:35.309
0068	12.0900000000	4.9800000000	15.0000000000	36.0000000000	39.7335642712	7.5646856560	-1.6957349992	-0.1049379108	34671	17.4268509114	142	429.5500000000	0	2017-198	18:07:35.309
0068	12.0600000000	4.9800000000	14.9700000000	35.5000000000	39.7297402688	7.5897342840	-0.9262636961	0.9826915061	34671	17.4245446167	144	429.8500000000	0	2017-198	18:07:35.602
0068	12.0900000000	4.9800000000	14.9700000000	35.5000000000	39.7297402688	7.6085207550	-0.7570009807	1.1792598236	34671	17.4245446167	145	429.9500000000	0	2017-198	18:07:35.775
0068	12.0600000000	4.9800000000	15.0000000000	35.5000000000	39.7259162919	7.6210450690	-0.5605584904	1.3028862483	34671	17.4199320232	146	430.0600000000	0	2017-198	18:07:35.805
0068	12.0300000000	4.9800000000	14.9700000000	36.0000000000	39.7182684138	7.6335693830	-0.3369465619	1.4175942214	34671	17.4153194246	147	430.1700000000	0	2017-198	18:07:35.915
0068	12.0900000000	4.9500000000	14.9700000000	35.5000000000	39.7182684138	7.6460936970	-0.0756032329	1.4101451141	34670	17.4130131232	148	430.2600000000	0	2017-198	18:07:36.085
0068	12.0300000000	4.9500000000	14.9700000000	36.0000000000	39.7220923401	7.6523558540	0.2128807023	1.4310028027	34670	17.4084005165	149	430.3700000000	0	2017-198	18:07:36.115
0068	12.0600000000	4.9800000000	14.9700000000	36.0000000000	39.7182684138	7.6648801680	0.4439311790	1.3863084725	34670	17.4037879043	150	430.4800000000	0	2017-198	18:07:36.225
0068	12.0600000000	4.9800000000	14.9700000000	35.5000000000	39.7144445127	7.6836666390	0.5722776611	1.3490652508	34670	17.4084005165	151	430.5800000000	0	2017-198	18:07:36.395
0068	12.0300000000	4.9800000000	14.9700000000	36.0000000000	39.7182684138	7.7024531100	0.5843567823	1.3088446680	34669	17.4060942111	152	430.6800000000	0	2017-198	18:07:36.425
0068	12.0600000000	4.9800000000	14.9700000000	36.0000000000	39.7182684138	7.7275017380	0.3729585566	1.2284100344	34669	17.4014815961	153	430.8400000000	0	2017-198	18:07:36.595
0068	12.0600000000	4.9800000000	14.9700000000	35.5000000000	39.7106206370	7.7212395810	0.0225779580	1.1479841102	34669	17.4014815961	154	430.9900000000	0	2017-198	18:07:36.749
0068	12.0600000000	4.9800000000	14.9700000000	35.5000000000	39.7106206370	7.7462882090	-0.2311953981	1.0556539746	34669	17.4014815961	155	431.0800000000	0	2017-198	18:07:36.827
0068	12.0600000000	4.9800000000	14.9700000000	36.0000000000	39.7067967865	7.7588125230	-0.4925649646	0.9484462898	34669	17.3922563491	156	431.1800000000	0	2017-198	18:07:37.045
0068	12.0600000000	4.9800000000	15.0000000000	35.5000000000	39.7106206370	7.7838611510	-0.7343332695	0.8040381952	34668	17.3853373986	157	431.2900000000	0	2017-198	18:07:37.045
0068	12.0600000000	4.9500000000	14.9700000000	36.0000000000	39.7106206370	7.7838611510	-0.9383545969	0.6537049921	34668	17.3807247575	158	431.3900000000	0	2017-198	18:07:37.155
0068	12.1200000000	4.9800000000	14.9700000000	35.5000000000	39.7067967865	7.7963854650	-1.1000794535	0.5882228274	34668	17.3807247575	159	431.4900000000	0	2017-198	18:07:37.342
0068	12.0600000000	4.9800000000	14.9700000000	36.0000000000	39.7106206370	7.8151719360	-1.2225178926	0.5822701901	34668	17.3784184347	160	431.6000000000	0	2017-198	18:07:37.342
0068	12.0000000000	4.9500000000	14.9700000000	35.5000000000	39.6991491623	7.8652691920	-1.3041488857	0.9112250206	34667	17.3784184347	162	431.9000000000	0	2017-198	18:07:37.650
0068	12.0600000000	4.9800000000	14.9700000000	36.0000000000	39.7029729616	7.8652691920	-1.2708912961	1.1003284130	34667	17.3784184347	163	432.0000000000	0	2017-198	18:07:37.813
0068	12.0300000000	4.9500000000	14.9700000000	35.5000000000	39.7029729616	7.8840556630	-1.1998433787	1.3639623154	34667	17.3761121104	164	432.1100000000	0	2017-198	18:07:37.853
0068	12.0600000000	4.9800000000	14.9700000000	36.0000000000	39.6991491623	7.8777935060	-1.1091486362	1.6843214483	34666	17.3761121104	165	432.2100000000	0	2017-198	18:07:37.963
0068	12.0600000000	4.9800000000	14.9700000000	35.5000000000	39.7029729616	7.8715313490	-1.0229935407	2.0525323552	34667	17.3761121104	166	432.3100000000	0	2017-198	18:07:38.133
0068	12.0900000000	4.9800000000	15.0000000000	35.5000000000	39.7029729616	7.8840556630	-0.9171955824	2.4358440201	34666	17.3761121104	167	432.4200000000	0	2017-198	18:07:38.163
0068	12.0600000000	4.9800000000	14.9700000000	36.0000000000	39.7029729616	7.8965799770	-0.8159385802	2.8342794706	34666	17.3761121104	168	432.5200000000	0	2017-198	18:07:38.273
0068	12.0600000000	4.9800000000	14.9700000000	35.5000000000	39.7029729616	7.8903178200	-0.7237551177	3.1507918520	34666	17.3714994570	169	432.6200000000	0	2017-198	18:07:38.443
0068	12.0900000000	4.9800000000	14.9700000000	36.0000000000	39.7029729616	7.8965799770	-0.6466879035	3.3598830558	34666	17.3691931280	170	432.7300000000	0	2017-198	18:07:38.473
0068	12.0900000000	4.9800000000	14.9700000000	36.0000000000	39.7029729616	7.8840556630	-0.5635804941	3.5346684660	34665	17.3645804653	171	432.8900000000	0	2017-198	18:07:38.633
0068	12.0600000000	4.9800000000	14.9700000000	35.5000000000	39.7067967865	7.8903178200	-0.5046524846	3.5421388390	34666	17.3599677962	172	433.0300000000	0	2017-198	18:07:38.781
0068	12.0600000000	4.9800000000	14.9700000000	35.5000000000	39.7067967865	7.8903178200	-0.4774556971	3.4241156769	34665	17.3622741315	173	433.1200000000	0	2017-198	18:07:38.875
0068	12.0600000000	4.9800000000	15.0000000000	36.0000000000	39.7067967865	7.8840556630	-0.4532811755	3.2598106756	34665	17.3622741315	174	433.2200000000	0	2017-198	18:07:39.047
0068	12.0900000000	4.9500000000	14.9700000000	35.5000000000	39.7067967865	7.8965799770	-0.4094658157	2.9940118662	34665	17.3622741315	175	433.3300000000	0	2017-198	18:07:39.078
0068	12.0600000000	4.9800000000	14.9700000000	36.0000000000	39.7067967865	7.8840556630	-0.3580976605	2.6492118071	34664	17.3622741315	176	433.4400000000	0	2017-198	18:07:39.187
0068	12.0300000000	4.9500000000	14.9700000000	35.5000000000	39.7067967865	7.9028421340	-0.3097527164	2.2747396003	34664	17.3622741315	177	433.5300000000	0	2017-198	18:07:39.359
0068	12.0300000000	4.9800000000	14.9700000000	35.5000000000	39.7029729616	7.9028421340	-0.2493236566	1.8080319111	34664	17.3645804653	178	433.6400000000	0	2017-198	18:07:39.390
0068	12.0900000000	4.9800000000	14.9700000000	35.5000000000	39.7029729616	7.9091042910	-0.1148774512	0.6120338546	34663	17.3645804653	180	433.9400000000	0	2017-198	18:07:39.688
0068	12.1200000000	4.9500000000	14.9700000000	36.0000000000	39.7029729616	7.9216286050	-0.0816453555	0.2817241469	34663	17.3668867975	181	434.0400000000	0	2017-198	18:07:39.861
0068	12.0900000000	4.9800000000	15.0000000000	35.5000000000	39.7029729616	7.9278907620	-0.0559664970	-0.0127522143	34663	17.3668867975	182	434.1500000000	0	2017-198	18:07:39.891
0068	12.0600000000	4.9800000000	14.9700000000	35.5000000000	39.7029729616	7.9341529190	-0.0287775813	-0.2536003254	34663	17.3668867975	183	434.2600000000	0	2017-198	18:07:40.001
0068	12.0900000000	4.9800000000	14.9700000000	36.0000000000	39.6991491623	7.9341529190	-0.0272670999	-0.2818428076	34663	17.3668867975	184	434.3600000000	0	2017-198	18:07:40.171
0068	12.0600000000	4.9800000000	15.0000000000	35.5000000000	39.7029729616	7.9466772330	-0.0302880641	-0.2119778599	34663	17.3668867975	185	434.4600000000	0	2017-198	18:07:40.211
0068	12.0600000000	4.9800000000	14.9700000000	36.0000000000	39.7029729616	7.9466772330	-0.0408614849	-0.0588464977	34662	17.3691931280	186	434.5700000000	0	2017-198	18:07:40.321
0068	12.0600000000	4.9800000000	14.9700000000	35.5000000000	39.6991491623	7.9404150760	-0.0589875171	0.1552931833	34663	17.3691931280	187	434.6600000000	0	2017-198	18:07:40.481
0068	12.0300000000	4.9800000000	14.9700000000	35.5000000000	39.7029729616	7.9717258610	-0.0771137614	0.4394212304	34662	17.3714994570	188	434.7700000000	0	2017-198	18:07:40.511
0068	12.0300000000	4.9800000000	14.9700000000	36.0000000000	39.7029729616	7.9529393900	-0.1148774512	0.9112250206	34662	17.3691931280	189	434.9300000000	0	2017-198	18:07:40.681
0068	12.0900000000	4.9800000000	14.9700000000	35.5000000000	39.7029729616	7.9842501750	-0.1632163170	1.3133135141	34661	17.3691931280	190	435.0800000000	0	2017-198	18:07:40.835
0068	12.0300000000	4.9800000000	14.9700000000	36.0000000000	39.7029729616	7.9654637040	-0.2055140614	1.5785131641	34661	17.3714994570	191	435.1700000000	0	2017-198	18:07:40.929
0068	12.0900000000	4.9800000000	14.9700000000	36.0000000000	39.7106206370	7.9842501750	-0.2644307007	1.8661680292	34661	17.3691931280	192	435.3400000000	0	2017-198	18:07:41.100
0068	12.0300000000	4.9800000000	14.9700000000	35.5000000000	39.7067967865	7.9967744890	-0.3263711209	2.2240287523	34660	17.3714994570	194	435.5700000000	0	2017-198	18:07:41.397
0068	12.0600000000	4.9800000000	14.9700000000	35.5000000000	39.7067967865	8.0030366460	-0.3067312074	2.2255201986	34660	17.3691931280	195	435.6900000000	0	2017-198	18:07:41.427
0068	12.0900000000	4.9800000000	15.0000000000	36.0000000000	39.7106206370	8.0280852740	-0.1617057046	1.8721309648	34659	17.3691931280	197	435.9900000000	0	2017-198	18:07:41.734
0068	12.0900000000	4.9800000000	15.0000000000	36.0000000000	39.7106206370	8.0406095880	-0.1133668859	1.7394669442	34659	17.3691931280	198	436.0800000000	0	2017-198	18:07:41.907
0068	12.0900000000	4.9800000000	15.0000000000	36.0000000000	39.7106206370	8.0406095880	-0.0740927059	1.5546711224	34659	17.3691931280	199	436.1900000000	0	2017-198	18:07:41.937
0068	12.0900000000	4.9800000000	14.9700000000	36.0000000000	39.7067967865	8.0531339020	-0.0544559892	1.3550240408	34659	17.3714994570	200	436.3000000000	0	2017-198	18:07:42.047
0068	12.0000000000	4.9800000000	14.9700000000	36.0000000000	39.6991491623	8.0468717450	-0.0363300100	1.1286236144	34659	17.3714994570	201	436.4000000000	0	2017-198	18:07:42.217
0068	12.0900000000	4.9800000000	14.9700000000	36.0000000000	39.6991491623	8.0531339020	-0.0257566201	0.8948482536	34658	17.3645804653	202	436.5100000000	0	2017-198	18:07:42.247
0068	12.0300000000	4.9800000000	14.9700000000	35.5000000000	39.7029729616	8.0656582160	-0.0559664970	0.8174357016	34658	17.3576614592	203	436.6100000000	0	2017-198	18:07:42.357
0068	12.0900000000	4.9500000000	14.9700000000	35.5000000000	39.7029729616	8.0719203730	-0.0876875017	0.7549160747	34658	17.3576614592	204	436.7100000000	0	2017-198	18:07:42.527
0068	12.0600000000	4.9800000000	14.9700000000	35.5000000000	39.7029729616	8.0844446870	-0.1224302996	0.6551932903	34658	17.3599677962	205	436.8200000000	0	2017-198	18:07:42.557
0068	12.0300000000	4.9800000000	14.9700000000	35.5000000000	39.7029729616	8.0844446870	-0.2100460311	0.5837583449	34658	17.3553551205	206	436.9800000000	0	2017-198	18:07:42.727
0068	12.0900000000	4.9800000000	14.9700000000	36.0000000000	39.7029729616	8.1032311580	-0.3218388111	0.6656114615	34658	17.3553551205	207	437.1200000000	0	2017-198	18:07:42.881
0068	12.0600000000	4.9800000000	14.9700000000	36.0000000000	39.7029729616	8.1157554720	-0.4064441124	0.7668241689	34657	17.3599677962	208	437.2100000000	0	2017-198	18:07:42.959
0068	12.0000000000	4.9800000000	14.9700000000	35.5000000000	39.7029729616	8.1094933150	-0.4955868358	0.8948482536	34657	17.3599677962	209	437.3100000000	0	2017-198	18:07:43.177
0068	12.0600000000	4.9800000000	15.0000000000	36.0000000000	39.7029729616	8.1282797860	-0.5771795836	1.0288506018	34657	17.3622741315	210	437.4200000000	0	2017-198	18:07:43.177
0068	12.0900000000	4.9800000000	14.9700000000	36.0000000000	39.7029729616	8.1282797860	-0.6497100750	1.2433046798	34656	17.3622741315	211	437.5300000000	0	2017-198	18:07:43.276
0068	12.0900000000	4.9800000000	14.9700000000	36.0000000000	39.6991491623	8.1220176290	-0.6859765930	1.4771897678	34657	17.3599677962	212	437.6200000000	0	2017-198	18:07:43.446
0068	12.0600000000	4.9500000000	15.0000000000	36.0000000000	39.6991491623	8.1345419430	-0.7056213110	1.6783600179	34656	17.3576614592	213	437.7300000000	0	2017-198	18:07:43.476
0068	12.0000000000	4.9800000000	14.9700000000	35.5000000000	39.6991491623	8.1658527280	-0.5605584904	2.0734080658	34656	17.3553551205	215	438.0300000000	0	2017-198	18:07:43.781
0068	12.0900000000	4.9500000000	15.0000000000	35.5000000000	39.6991491623	8.1721148850	-0.4774556971	2.1375299802	34656	17.3553551205	216	438.1200000000	0	2017-198	18:07:43.955
0068	12.0900000000	4.9800000000	14.9700000000	35.5000000000	39.6991491623	8.1721148850	-0.3656516942	2.1792867537	34656	17.3553551205	217	438.2400000000	0	2017-198	18:07:43.985
0068	12.0600000000	4.9800000000	14.9700000000	36.0000000000	39.6991491623	8.1721148850	-0.2598985720	2.1792867537	34656	17.3530487802	218	438.3400000000	0	2017-198	18:07:44.095
0068	12.0900000000	4.9800000000	14.9700000000	35.5000000000	39.7029729616	8.1783770420	-0.1647269308	2.1449863751	34655	17.3553551205	219	438.4400000000	0	2017-198	18:07:44.265
0068	12.0300000000	4.9800000000	14.9700000000	36.0000000000	39.7029729616	8.2034256700	-0.0680506127	2.0555145638	34655	17.3530487802	220	438.5500000000	0	2017-198	18:07:44.295
0068	12.1200000000	4.9800000000	14.9700000000	36.0000000000	39.7029729616	8.1909013560	-0.0030995989	1.9839448563	34655	17.3530487802	221	438.6600000000	0	2017-198	18:07:44.405
0068	12.0300000000	4.9500000000	14.9700000000	35.5000000000	39.7029729616	8.1909013560	0.0301300996	1.9630716546	34655	17.3553551205	222	438.7600000000	0	2017-198	18:07:44.575
0068	12.0300000000	4.9800000000	14.9700000000	36.0000000000	39.7029729616	8.2159499840	0.0452342724	1.9123820303	34654	17.3576614592	223	438.8600000000	0	2017-198	18:07:44.605
0068	12.1200000000	4.9800000000	14.9700000000	36.0000000000	39.6953253883	8.2159499840	0.0452342724	1.6679276299	34654	17.3530487802	224	439.0200000000	0	2017-198	18:07:44.768
0068	12.0600000000	4.9800000000	14.9700000000	35.5000000000	39.6953253883	8.2096878270	-0.0030995989	1.4384521190	34654	17.3530487802	225	439.1600000000	0	2017-198	18:07:44.908
0068	12.0600000000	4.9800000000	14.9700000000	35.5000000000	39.6991491623	8.2284742980	-0.0544559892	1.3237409262	34654	17.3530487802	226	439.2600000000	0	2017-198	18:07:44.998
0068	12.1200000000	4.9800000000	14.9700000000	35.5000000000	39.6991491623	8.2222121410	-0.1873863153	1.1033068045	34653	17.3461297494	228	439.4600000000	0	2017-198	18:07:45.208
0068	12.0900000000	4.9800000000	14.9700000000	35.5000000000	39.6953253883	8.2284742980	-0.2659414132	1.0214053923	34653	17.3438234024	229	439.5700000000	0	2017-198	18:07:45.320
0068	12.0600000000	4.9800000000	14.9700000000	35.5000000000	39.6953253883	8.2409986120	-0.3263711209	0.9707799473	34653	17.3461297494	230	439.6600000000	0	2017-198	18:07:45.490
0068	12.0600000000	4.9800000000	15.0000000000	35.5000000000	39.6953253883	8.2535229260	-0.3837815253	0.9320687013	34652	17.3461297494	231	439.7700000000	0	2017-198	18:07:45.520
0068	12.0300000000	4.9800000000	14.9700000000	35.5000000000	39.6953253883	8.2660472400	-0.5046524846	1.1405377059	34652	17.3438234024	233	440.0700000000	0	2017-198	18:07:45.823
0068	12.0600000000	4.9800000000	14.9700000000	36.0000000000	39.6991491623	8.2785715540	-0.5348716969	1.2522416105	34652	17.3461297494	234	440.1700000000	0	2017-198	18:07:45.996
0068	12.0300000000	4.9800000000	14.9700000000	35.5000000000	39.6953253883	8.2723093970	-0.5333607223	1.3535343388	34652	17.3461297494	235	440.2800000000	0	2017-198	18:07:46.026
0068	12.0900000000	4.9800000000	14.9700000000	35.5000000000	39.6915016397	8.2848337110	-0.5227839413	1.4593106021	34652	17.3461297494	236	440.3900000000	0	2017-198	18:07:46.136
0068	12.0600000000	4.9800000000	14.9700000000	35.5000000000	39.6915016397	8.2848337110	-0.4925649646	1.5323199029	34651	17.3484360947	237	440.4800000000	0	2017-198	18:07:46.306
0068	12.0600000000	4.9800000000	14.9700000000	35.5000000000	39.6915016397	8.2973580250	-0.4563029700	1.6351410773	34651	17.3438234024	238	440.5900000000	0	2017-198	18:07:46.336
0068	12.0300000000	4.9800000000	14.9700000000	35.5000000000	39.6915016397	8.3036201820	-0.4034224149	1.7707675581	34651	17.3415170537	239	440.7000000000	0	2017-198	18:07:46.446
0068	12.0600000000	4.9500000000	14.9700000000	35.5000000000	39.6915016397	8.3098823390	-0.3550760573	1.8572237153	34651	17.3415170537	240	440.8000000000	0	2017-198	18:07:46.616
0068	12.0300000000	4.9800000000	14.9700000000	35.5000000000	39.6915016397	8.3098823390	-0.3037097044	1.9377264109	34650	17.3415170537	241	440.9000000000	0	2017-198	18:07:46.646
0068	12.0600000000	4.9800000000	14.9700000000	35.5000000000	39.6915016397	8.3161444960	-0.2191100102	1.9451808047	34650	17.3392107033	242	441.0600000000	0	2017-198	18:07:46.816
0068	12.0600000000	4.9800000000	14.9700000000	35.5000000000	39.6915016397	8.3224066530	-0.1617057046	1.9571079901	34650	17.3392107033	243	441.2100000000	0	2017-198	18:07:46.964
0068	12.0300000000	4.9800000000	14.9700000000	36.0000000000	39.6915016397	8.3411931240	-0.1496208586	2.0316572300	34650	17.3415170537	244	441.3100000000	0	2017-198	18:07:47.058
0068	12.0600000000	4.9800000000	14.9700000000	35.5000000000	39.6953253883	8.3411931240	-0.1450890656	2.0450768862	34649	17.3369043511	245	441.4700000000	0	2017-198	18:07:47.229
0068	12.1200000000	4.9500000000	14.9700000000	35.5000000000	39.6953253883	8.3599795950	-0.1526420613	1.9436899200	34650	17.3345979972	246	441.6100000000	0	2017-198	18:07:47.370
0068	12.0300000000	4.9800000000	14.9700000000	36.0000000000	39.6915016397	8.3537174380	-0.1617057046	1.8423167645	34649	17.3415170537	247	441.7100000000	0	2017-198	18:07:47.573
0068	12.0900000000	4.9800000000	14.9700000000	35.5000000000	39.6915016397	8.3599795950	-0.1888969527	1.6873021813	34649	17.3438234024	248	441.8200000000	0	2017-198	18:07:47.573
0068	12.0900000000	4.9800000000	14.9700000000	36.0000000000	39.6915016397	8.3725039090	-0.3218388111	1.5114593709	34648	17.3299852841	250	442.1200000000	0	2017-198	18:07:47.865
0068	12.0300000000	4.9800000000	14.9700000000	35.5000000000	39.6876779165	8.3662417520	-0.3656516942	1.5233796032	34648	17.3322916415	251	442.2200000000	0	2017-198	18:07:48.039
0068	12.0900000000	4.9800000000	14.9700000000	35.5000000000	39.6876779165	8.3725039090	-0.4064441124	1.5800033170	34648	17.3322916415	252	442.3200000000	0	2017-198	18:07:48.069
0068	12.0300000000	4.9800000000	14.9700000000	36.0000000000	39.6876779165	8.3975525370	-0.4532811755	1.7722580963	34648	17.3322916415	253	442.4300000000	0	2017-198	18:07:48.179
0068	12.0300000000	4.9800000000	14.9700000000	35.5000000000	39.6838542189	8.3850282230	-0.4094658157	1.8646773027	34647	17.3299852841	254	442.5300000000	0	2017-198	18:07:48.349
0068	12.0300000000	4.9800000000	14.9700000000	35.5000000000	39.6838542189	8.3912903800	-0.3218388111	1.7081676474	34647	17.3276789249	255	442.6400000000	0	2017-198	18:07:48.379
0068	12.1200000000	4.9800000000	15.0000000000	36.0000000000	39.6838542189	8.3975525370	-0.3701841321	1.6962444523	34647	17.3299852841	0	442.7500000000	0	2017-198	18:07:48.489
0068	12.0600000000	4.9800000000	14.9700000000	36.0000000000	39.6876779165	8.4163390080	-0.3324142212	2.0942843619	34647	17.3322916415	2	442.9500000000	0	2017-198	18:07:48.692
0068	12.0600000000	4.9800000000	15.0000000000	36.0000000000	39.6915016397	8.4100768510	-0.2372381274	2.2881636381	34646	17.3276789249	3	443.1100000000	0	2017-198	18:07:48.857
0068	12.0900000000	4.9800000000	14.9700000000	35.5000000000	39.6876779165	8.4100768510	-0.1390466956	2.3836304388	34646	17.3299852841	4	443.2500000000	0	2017-198	18:07:48.997
0068	12.0300000000	4.9800000000	14.9700000000	35.5000000000	39.6876779165	8.4100768510	-0.1012824168	2.4507628581	34646	17.3322916415	5	443.3500000000	0	2017-198	18:07:49.087
0068	12.1200000000	4.9800000000	15.0000000000	36.0000000000	39.6915016397	8.3975525370	-0.0499244745	2.5880301823	34645	17.3299852841	6	443.5100000000	0	2017-198	18:07:49.267
0068	12.0300000000	4.9800000000	14.9700000000	36.0000000000	39.6915016397	8.4100768510	-0.0756032329	2.7805454179	34645	17.3276789249	7	443.6600000000	0	2017-198	18:07:49.407
0068	12.0300000000	4.9800000000	14.9700000000	35.5000000000	39.6915016397	8.4038146940	-0.0695611338	2.9074237066	34645	17.3299852841	8	443.7600000000	0	2017-198	18:07:49.573
0068	12.0300000000	4.9500000000	15.0000000000	35.5000000000	39.6915016397	8.3850282230	-0.0756032329	3.0193930583	34645	17.3276789249	9	443.8600000000	0	2017-198	18:07:49.603
0068	12.0300000000	4.9800000000	14.9700000000	35.5000000000	39.6915016397	8.3912903800	-0.1330043492	3.2732524546	34645	17.3276789249	11	444.1600000000	0	2017-198	18:07:49.906
0068	12.0300000000	4.9800000000	14.9700000000	35.5000000000	39.6915016397	8.4038146940	-0.1783225218	3.3897580065	34645	17.3299852841	12	444.2600000000	0	2017-198	18:07:50.079
0068	12.0300000000	4.9800000000	14.9700000000	35.5000000000	39.6915016397	8.4163390080	-0.1647269308	3.3539082090	34644	17.3299852841	13	444.3700000000	0	2017-198	18:07:50.109
0068	12.0600000000	4.9800000000	14.9700000000	35.5000000000	39.6915016397	8.3975525370	-0.1919182320	3.4196341520	34644	17.3299852841	14	444.4800000000	0	2017-198	18:07:50.219
0068	12.0600000000	4.9800000000	14.9700000000	35.5000000000	39.6915016397	8.4038146940	-0.2100460311	3.4390542872	34644	17.3322916415	15	444.5700000000	0	2017-198	18:07:50.399
0068	12.0900000000	4.9800000000	14.9700000000	35.5000000000	39.6915016397	8.3975525370	-0.1919182320	3.4480175968	34644	17.3299852841	16	444.6800000000	0	2017-198	18:07:50.429
0068	12.1200000000	4.9800000000	14.9700000000	35.5000000000	39.6915016397	8.4038146940	-0.1994714558	3.4838719103	34643	17.3322916415	17	444.7900000000	0	2017-198	18:07:50.539
0068	12.0600000000	4.9800000000	14.9700000000	35.5000000000	39.6915016397	8.4038146940	-0.1284726048	3.4913417755	34643	17.3322916415	19	444.9900000000	0	2017-198	18:07:50.739
0068	12.0600000000	4.9800000000	14.9700000000	35.5000000000	39.6915016397	8.3975525370	-0.0725821804	3.4539931962	34643	17.3299852841	20	445.1500000000	0	2017-198	18:07:50.906
0068	12.0300000000	4.9800000000	14.9700000000	36.0000000000	39.6915016397	8.3912903800	0.0346613669	3.4151526540	34643	17.3299852841	21	445.3000000000	0	2017-198	18:07:51.046
0068	12.0300000000	4.9800000000	14.9700000000	36.0000000000	39.6915016397	8.4038146940	0.1207529278	3.3778078829	34643	17.3299852841	22	445.3900000000	0	2017-198	18:07:51.136
0068	12.0900000000	4.9800000000	15.0000000000	35.5000000000	39.6953253883	8.3662417520	0.2113704551	3.3793016379	34642	17.3345979972	23	445.4900000000	0	2017-198	18:07:51.306
0068	12.0900000000	4.9800000000	15.0000000000	36.0000000000	39.7029729616	8.3787660660	0.2521466130	3.4539931962	34642	17.3392107033	24	445.5900000000	0	2017-198	18:07:51.336
0068	12.0900000000	4.9800000000	15.0000000000	35.5000000000	39.7029729616	8.3725039090	0.2838606604	3.5331744004	34642	17.3415170537	25	445.7000000000	0	2017-198	18:07:51.446
0068	12.0600000000	4.9800000000	14.9700000000	36.0000000000	39.7067967865	8.3662417520	0.3216146321	3.5989161135	34642	17.3553551205	26	445.8000000000	0	2017-198	18:07:51.616
0068	12.0300000000	4.9800000000	14.9700000000	36.0000000000	39.7067967865	8.3411931240	0.3472868071	3.6228236246	34642	17.3645804653	27	445.9100000000	0	2017-198	18:07:51.646
0068	12.0300000000	4.9800000000	14.9700000000	35.5000000000	39.7029729616	8.3098823390	0.2234523916	3.9501345394	34641	17.3553551205	29	446.2100000000	0	2017-198	18:07:51.950
0068	12.0600000000	4.9800000000	14.9700000000	35.5000000000	39.6991491623	8.2973580250	0.1162219122	4.1684213978	34641	17.3507424383	30	446.3100000000	0	2017-198	18:07:52.123
0068	12.0900000000	4.9800000000	14.9700000000	35.5000000000	39.6953253883	8.2910958680	-0.0136728342	4.2970311239	34641	17.3484360947	31	446.4100000000	0	2017-198	18:07:52.153
0068	12.0600000000	4.9800000000	14.9700000000	36.0000000000	39.6953253883	8.2723093970	-0.1843650449	4.4854992183	34640	17.3484360947	32	446.5200000000	0	2017-198	18:07:52.263
0068	12.0900000000	4.9500000000	15.0000000000	35.5000000000	39.6953253883	8.2660472400	-0.3218388111	4.6021937059	34640	17.3484360947	33	446.6100000000	0	2017-198	18:07:52.443
0068	12.0000000000	4.9800000000	14.9700000000	36.0000000000	39.6953253883	8.2597850830	-0.4804775389	4.6336145573	34640	17.3461297494	34	446.7300000000	0	2017-198	18:07:52.473
0068	12.0900000000	4.9500000000	14.9700000000	35.5000000000	39.6991491623	8.2472607690	-0.6829543507	4.4196795750	34640	17.3507424383	36	446.9300000000	0	2017-198	18:07:52.747
0068	12.0600000000	4.9800000000	15.0000000000	36.0000000000	39.6991491623	8.2222121410	-0.7313109331	4.1415058786	34639	17.3507424383	37	447.0400000000	0	2017-198	18:07:52.777
0068	12.0600000000	4.9800000000	14.9700000000	35.5000000000	39.6991491623	8.2159499840	-0.7207328018	3.3285156433	34639	17.3484360947	39	447.3400000000	0	2017-198	18:07:53.085
0068	12.0600000000	4.9800000000	15.0000000000	36.0000000000	39.6991491623	8.1971635130	-0.6587766250	2.9746033016	34639	17.3507424383	40	447.4400000000	0	2017-198	18:07:53.179
0068	12.0600000000	4.9800000000	14.9700000000	35.5000000000	39.6953253883	8.1909013560	-0.4411940560	2.1062139367	34638	17.3484360947	42	447.7400000000	0	2017-198	18:07:53.492
0068	12.0300000000	4.9500000000	14.9700000000	35.5000000000	39.6953253883	8.1658527280	-0.3324142212	1.8616958588	34638	17.3507424383	44	447.9500000000	0	2017-198	18:07:53.688
0068	12.0900000000	4.9800000000	14.9700000000	36.0000000000	39.6915016397	8.1470662570	-0.1420678777	1.5949050112	34638	17.3484360947	46	448.2500000000	0	2017-198	18:07:53.997
0068	12.0600000000	4.9800000000	14.9700000000	36.0000000000	39.6953253883	8.1282797860	-0.1088351990	1.6783600179	34637	17.3461297494	47	448.3500000000	0	2017-198	18:07:54.170
0068	12.0300000000	4.9800000000	14.9700000000	36.0000000000	39.6991491623	8.1157554720	-0.0907085837	1.8780939482	34637	17.3415170537	48	448.4600000000	0	2017-198	18:07:54.200
0068	12.0600000000	4.9500000000	14.9700000000	35.5000000000	39.6915016397	8.1157554720	-0.1798331504	2.4955211644	34636	17.3553551205	50	448.7300000000	0	2017-198	18:07:54.480
0068	12.0600000000	4.9800000000	14.9700000000	35.5000000000	39.6915016397	8.0969690010	-0.2840700781	2.9163806365	34636	17.3507424383	51	448.8800000000	0	2017-198	18:07:54.623
0068	12.0900000000	4.9800000000	15.0000000000	36.0000000000	39.6915016397	8.0907068440	-0.3596084643	3.1522851530	34636	17.3484360947	52	448.9700000000	0	2017-198	18:07:54.793
0068	12.0300000000	4.9800000000	14.9700000000	35.5000000000	39.6915016397	8.0844446870	-0.4275961592	3.3793016379	34636	17.3484360947	53	449.0800000000	0	2017-198	18:07:54.823
0068	12.0600000000	4.9800000000	14.9700000000	35.5000000000	39.6915016397	8.0844446870	-0.4729229456	3.5421388390	34636	17.3530487802	54	449.1700000000	0	2017-198	18:07:54.993
0068	12.0600000000	4.9800000000	14.9700000000	35.5000000000	39.6953253883	8.0656582160	-0.4865212400	3.5630562804	34635	17.3530487802	55	449.2800000000	0	2017-198	18:07:55.023
0068	12.0900000000	4.9800000000	14.9700000000	35.5000000000	39.6915016397	8.0468717450	-0.5076743793	3.6317891384	34635	17.3530487802	57	449.4800000000	0	2017-198	18:07:55.227
0068	12.0900000000	4.9800000000	15.0000000000	35.5000000000	39.6915016397	8.0155609600	-0.5363826730	3.6168466751	34634	17.3438234024	60	449.8800000000	0	2017-198	18:07:55.709
0068	12.0300000000	4.9800000000	14.9700000000	35.5000000000	39.6953253883	8.0155609600	-0.5439375754	3.5092697566	34634	17.3438234024	61	449.9900000000	0	2017-198	18:07:55.739
0068	12.0900000000	4.9800000000	14.9700000000	35.5000000000	39.6953253883	7.9905123320	-0.4744338613	3.0328305095	34633	17.3461297494	63	450.2900000000	0	2017-198	18:07:56.042
0068	12.0900000000	4.9800000000	15.0000000000	35.5000000000	39.6953253883	7.9842501750	-0.4487484946	2.8178603216	34633	17.3484360947	64	450.3900000000	0	2017-198	18:07:56.215
0068	12.0900000000	4.9800000000	15.0000000000	35.5000000000	39.6991491623	7.9654637040	-0.4366614104	2.5238694821	34633	17.3507424383	65	450.5000000000	0	2017-198	18:07:56.245
0068	12.1200000000	4.9800000000	14.9700000000	35.5000000000	39.6953253883	7.9654637040	-0.4547920720	2.4224173211	34633	17.3484360947	66	450.6100000000	0	2017-198	18:07:56.355
0068	12.0900000000	4.9800000000	14.9700000000	36.0000000000	39.6953253883	7.9529393900	-0.4744338613	2.3821386760	34632	17.3484360947	67	450.7100000000	0	2017-198	18:07:56.525
0068	12.0600000000	4.9500000000	14.9700000000	35.5000000000	39.6953253883	7.9404150760	-0.5227839413	2.2642988494	34633	17.3507424383	68	450.8100000000	0	2017-198	18:07:56.555
0068	12.0600000000	4.9800000000	14.9700000000	35.5000000000	39.6953253883	7.9466772330	-0.5877567356	2.2583327717	34632	17.3507424383	69	450.9200000000	0	2017-198	18:07:56.665
0068	12.0600000000	4.9800000000	14.9700000000	35.5000000000	39.6953253883	7.9404150760	-0.6043781203	2.4194336431	34633	17.3530487802	70	451.0100000000	0	2017-198	18:07:56.835
0068	12.0900000000	4.9800000000	14.9700000000	35.5000000000	39.6953253883	7.9341529190	-0.6391325004	2.6283199561	34632	17.3530487802	71	451.1200000000	0	2017-198	18:07:56.865
0068	12.0600000000	4.9500000000	14.9700000000	35.5000000000	39.6953253883	7.9153664480	-0.6134444052	2.8342794706	34632	17.3530487802	72	451.2800000000	0	2017-198	18:07:57.035
0068	12.0300000000	4.9800000000	14.9700000000	36.0000000000	39.6953253883	7.8903178200	-0.5590474908	2.9372805577	34631	17.3530487802	73	451.4300000000	0	2017-198	18:07:57.189
0068	12.0900000000	4.9800000000	15.0000000000	36.0000000000	39.6991491623	7.8965799770	-0.5076743793	2.8820463226	34631	17.3622741315	74	451.5200000000	0	2017-198	18:07:57.267
0068	12.0600000000	4.9800000000	15.0000000000	35.5000000000	39.6953253883	7.8777935060	-0.4366614104	3.0791169154	34631	17.3645804653	75	451.6900000000	0	2017-198	18:07:57.454
0068	12.0600000000	4.9800000000	14.9700000000	36.0000000000	39.6953253883	7.8652691920	-0.3535652579	3.3703391526	34630	17.3645804653	76	451.8300000000	0	2017-198	18:07:57.594
0068	12.0600000000	4.9800000000	14.9700000000	35.5000000000	39.6953253883	7.8590070350	-0.3384573451	3.5511033851	34630	17.3668867975	77	451.9300000000	0	2017-198	18:07:57.797
0068	12.0600000000	4.9800000000	14.9700000000	36.0000000000	39.6953253883	7.8464827210	-0.2901130135	3.7319113465	34631	17.3691931280	78	452.0400000000	0	2017-198	18:07:57.797
0068	12.0900000000	4.9800000000	14.9700000000	35.5000000000	39.6991491623	7.8151719360	0.0573175046	3.6168466751	34630	17.3645804653	81	452.4300000000	0	2017-198	18:07:58.263
0068	12.0600000000	4.9800000000	15.0000000000	35.5000000000	39.6991491623	7.7901233080	0.1856960272	3.4405481647	34630	17.3645804653	82	452.5400000000	0	2017-198	18:07:58.293
0068	12.0600000000	4.9800000000	15.0000000000	35.5000000000	39.6953253883	7.7963854650	0.3140639114	3.5092697566	34629	17.3645804653	83	452.6500000000	0	2017-198	18:07:58.396
0068	12.0600000000	4.9800000000	14.9700000000	35.5000000000	39.6953253883	7.7775989940	0.3895694619	3.4719202813	34629	17.3599677962	84	452.7500000000	0	2017-198	18:07:58.576
0068	12.0600000000	4.9800000000	14.9700000000	35.5000000000	39.6915016397	7.7588125230	0.4182606060	3.5690327998	34629	17.3553551205	85	452.8600000000	0	2017-198	18:07:58.606
0068	12.0600000000	4.9800000000	14.9700000000	35.5000000000	39.6953253883	7.7525503660	0.3910795354	3.7349002752	34629	17.3599677962	86	452.9700000000	0	2017-198	18:07:58.716
0068	12.0600000000	4.9500000000	15.0000000000	35.5000000000	39.6953253883	7.7275017380	0.2883911856	3.8963201671	34629	17.3622741315	87	453.0600000000	0	2017-198	18:07:58.886
0068	12.0300000000	4.9800000000	14.9700000000	35.5000000000	39.6953253883	7.7337638950	0.1192425907	3.9037941540	34629	17.3668867975	88	453.1700000000	0	2017-198	18:07:58.916
0068	12.0600000000	4.9800000000	14.9700000000	35.5000000000	39.6915016397	7.7149774240	-0.2024927557	3.6796070279	34628	17.3691931280	89	453.3300000000	0	2017-198	18:07:59.076
0068	12.0600000000	4.9800000000	14.9700000000	35.5000000000	39.6915016397	7.6899287960	-0.4563029700	3.7020227164	34628	17.3668867975	90	453.4700000000	0	2017-198	18:07:59.216
0068	12.0900000000	4.9800000000	15.0000000000	36.0000000000	39.6915016397	7.6774044820	-0.6255328676	3.5944335403	34628	17.3668867975	91	453.5600000000	0	2017-198	18:07:59.306
0068	12.0600000000	4.9800000000	15.0000000000	35.5000000000	39.6953253883	7.6648801680	-0.7826914538	3.6855844791	34628	17.3668867975	92	453.6600000000	0	2017-198	18:07:59.488
0068	12.0600000000	4.9500000000	15.0000000000	36.0000000000	39.6915016397	7.6586180110	-0.9504455919	3.7797356396	34628	17.3668867975	93	453.7700000000	0	2017-198	18:07:59.519
0068	12.0600000000	4.9800000000	14.9700000000	35.5000000000	39.6915016397	7.6398315400	-1.0910103238	3.8619407891	34627	17.3668867975	94	453.8800000000	0	2017-198	18:07:59.628
0068	12.0300000000	4.9800000000	14.9700000000	36.0000000000	39.6953253883	7.6335693830	-1.1635648456	3.8978149585	34627	17.3691931280	95	453.9700000000	0	2017-198	18:07:59.800
0068	12.0900000000	4.9800000000	14.9700000000	35.5000000000	39.6915016397	7.6147829120	-1.1771691961	3.9875079086	34627	17.3691931280	96	454.0800000000	0	2017-198	18:07:59.831
0068	12.0900000000	4.9800000000	14.9700000000	36.0000000000	39.6915016397	7.5709478130	-0.6980656207	3.9531243402	34627	17.3691931280	98	454.3800000000	0	2017-198	18:08:00.129
0068	12.0600000000	4.9800000000	14.9700000000	35.0000000000	39.6915016397	7.5584234990	-0.4819884619	3.9845179704	34626	17.3691931280	99	454.4800000000	0	2017-198	18:08:00.303
0068	12.0600000000	4.9800000000	14.9700000000	35.0000000000	39.6915016397	7.5458991850	-0.3263711209	3.8858567109	34627	17.3691931280	100	454.5900000000	0	2017-198	18:08:00.333
0068	12.0900000000	4.9800000000	14.9700000000	36.0000000000	39.6876779165	7.5271127140	-0.2160886779	3.8395203068	34626	17.3668867975	101	454.7000000000	0	2017-198	18:08:00.443
0068	12.0900000000	4.9800000000	14.9700000000	35.5000000000	39.6876779165	7.5208505570	-0.2463022655	3.7438671330	34626	17.3691931280	102	454.7900000000	0	2017-198	18:08:00.613
0068	12.0600000000	4.9800000000	14.9700000000	35.5000000000	39.6915016397	7.5083262430	-0.3188172786	3.5914451731	34626	17.3714994570	103	454.9000000000	0	2017-198	18:08:00.643
0068	12.0600000000	4.9800000000	14.9700000000	35.5000000000	39.6915016397	7.5020640860	-0.4094658157	3.4360665412	34625	17.3714994570	104	455.0100000000	0	2017-198	18:08:00.753
0068	12.0600000000	4.9800000000	14.9700000000	35.5000000000	39.6953253883	7.4832776150	-0.4049332629	3.3150728697	34625	17.3761121104	105	455.1100000000	0	2017-198	18:08:00.923
0068	12.0000000000	4.9800000000	14.9700000000	35.5000000000	39.6915016397	7.4644911440	-0.2296847194	3.0776237608	34624	17.3807247575	106	455.2100000000	0	2017-198	18:08:00.953
0068	12.0900000000	4.9800000000	14.9700000000	36.0000000000	39.6876779165	7.4331803590	0.1977781639	3.3464397177	34625	17.3853373986	107	455.3700000000	0	2017-198	18:08:01.123
0068	12.0000000000	4.9800000000	14.9700000000	35.5000000000	39.6876779165	7.4206560450	0.2596976356	3.8290576451	34625	17.3830310788	108	455.5200000000	0	2017-198	18:08:01.276
0068	12.0600000000	4.9800000000	15.0000000000	36.0000000000	39.6876779165	7.4206560450	0.0588279020	4.4331422134	34625	17.3807247575	109	455.6100000000	0	2017-198	18:08:01.370
0068	12.0600000000	4.9800000000	14.9700000000	35.5000000000	39.6838542189	7.4018695740	-0.4291070307	5.4090791780	34624	17.3645804653	110	455.7800000000	0	2017-198	18:08:01.541
0068	12.0600000000	4.9800000000	14.9700000000	35.0000000000	39.6800305467	7.3830831030	-0.7297997670	5.9215047030	34624	17.3507424383	111	455.9200000000	0	2017-198	18:08:01.682
0068	12.0600000000	4.9800000000	15.0000000000	35.5000000000	39.6762069000	7.3830831030	-0.8310511460	6.0279292308	34623	17.3000024712	112	456.0100000000	0	2017-198	18:08:01.885
0068	12.0600000000	4.9800000000	15.0000000000	35.5000000000	39.6609125689	7.3768209460	-0.9232409857	6.0833958678	34623	17.1708416631	113	456.1300000000	0	2017-198	18:08:01.885
0068	12.0900000000	4.9800000000	14.9700000000	36.0000000000	39.6762069000	7.3893452600	-0.2085353731	6.1868445728	34623	17.3761121104	115	456.4300000000	0	2017-198	18:08:02.177
0068	12.0300000000	4.9800000000	14.9700000000	35.5000000000	39.6762069000	7.3956074170	0.1947576386	6.1058835071	34622	17.3714994570	116	456.5200000000	0	2017-198	18:08:02.351
0068	12.0600000000	4.9800000000	14.9700000000	35.0000000000	39.6762069000	7.4081317310	0.5254701765	5.9275000508	34622	17.3668867975	117	456.6300000000	0	2017-198	18:08:02.381
0068	12.1200000000	4.9800000000	14.9700000000	36.0000000000	39.6762069000	7.4081317310	0.5798271229	5.8645512821	34622	17.3668867975	118	456.7400000000	0	2017-198	18:08:02.491
0068	12.0300000000	4.9800000000	14.9700000000	35.0000000000	39.6762069000	7.4081317310	0.3578575790	5.8975237896	34623	17.3691931280	119	456.8400000000	0	2017-198	18:08:02.661
0068	12.0600000000	4.9800000000	14.9700000000	35.5000000000	39.6762069000	7.4081317310	-0.0499244745	5.9230035355	34622	17.3691931280	120	456.9500000000	0	2017-198	18:08:02.691
0068	12.1200000000	4.9800000000	14.9700000000	36.0000000000	39.6723832789	7.3956074170	-0.4124875249	5.8360761890	34622	17.3714994570	121	457.0500000000	0	2017-198	18:08:02.801
0068	12.0300000000	4.9800000000	14.9700000000	35.5000000000	39.6762069000	7.3893452600	-0.5968229234	5.7326757080	34622	17.3668867975	122	457.1500000000	0	2017-198	18:08:02.971
0068	12.0900000000	4.9800000000	15.0000000000	35.5000000000	39.6723832789	7.3956074170	-0.5832236616	5.5154311816	34621	17.3461297494	123	457.2600000000	0	2017-198	18:08:03.001
0068	12.0600000000	4.9800000000	14.9700000000	35.5000000000	39.6762069000	7.3893452600	-0.2568771602	5.1724625552	34621	17.3507424383	124	457.4200000000	0	2017-198	18:08:03.171
0068	12.0900000000	4.9500000000	14.9700000000	35.0000000000	39.6723832789	7.3768209460	0.0633590854	5.1260465245	34621	17.3645804653	125	457.5600000000	0	2017-198	18:08:03.309
0068	12.0000000000	4.9800000000	14.9700000000	36.0000000000	39.6723832789	7.3893452600	0.1570005748	5.2533231407	34621	17.3691931280	126	457.6600000000	0	2017-198	18:08:03.402
0068	12.0900000000	4.9800000000	15.0000000000	35.5000000000	39.6723832789	7.3830831030	0.0255988190	5.3416807739	34620	17.3645804653	127	457.8200000000	0	2017-198	18:08:03.574
0068	12.0300000000	4.9800000000	15.0000000000	35.5000000000	39.6723832789	7.3893452600	-0.4623465769	5.1589866377	34620	17.3645804653	128	457.9700000000	0	2017-198	18:08:03.714
0068	12.0300000000	4.9800000000	14.9700000000	36.0000000000	39.6723832789	7.3830831030	-0.9217296327	4.9688522618	34620	17.3714994570	129	458.0600000000	0	2017-198	18:08:03.886
0068	12.0600000000	4.9800000000	14.9700000000	35.5000000000	39.6762069000	7.3893452600	-1.2799614771	4.7712833361	34620	17.3714994570	130	458.1700000000	0	2017-198	18:08:03.917
0068	12.0900000000	4.9800000000	14.9700000000	36.0000000000	39.6723832789	7.3956074170	-0.5666025037	4.8790417533	34619	17.3461297494	132	458.4700000000	0	2017-198	18:08:04.215
0068	12.0600000000	4.9800000000	15.0000000000	35.5000000000	39.6723832789	7.3768209460	0.1373665379	5.0661591131	34619	17.3668867975	133	458.5600000000	0	2017-198	18:08:04.389
0068	12.0300000000	4.9800000000	14.9700000000	35.5000000000	39.6762069000	7.3956074170	0.9134765615	5.3117278690	34619	17.3761121104	134	458.6800000000	0	2017-198	18:08:04.419
0068	12.0900000000	4.9800000000	14.9700000000	35.5000000000	39.6762069000	7.3768209460	1.3421331467	5.5783507220	34619	17.3714994570	135	458.7800000000	0	2017-198	18:08:04.529
0068	12.0300000000	4.9800000000	14.9700000000	35.0000000000	39.6762069000	7.3893452600	1.4009886852	5.7581498687	34618	17.3507424383	136	458.8800000000	0	2017-198	18:08:04.709
0068	12.1200000000	4.9800000000	14.9700000000	35.5000000000	39.6762069000	7.3893452600	1.1580064883	5.7551528638	34618	17.3092279857	137	458.9900000000	0	2017-198	18:08:04.739
0068	12.0900000000	4.9800000000	14.9700000000	36.0000000000	39.6570890498	7.3580344750	0.7806292932	5.6038196529	34618	16.6587101118	138	459.1000000000	0	2017-198	18:08:04.849
0068	12.0600000000	4.9500000000	15.0000000000	35.5000000000	39.6303251348	7.3705587890	0.5224502902	5.5019491084	34618	15.4578666404	139	459.1900000000	0	2017-198	18:08:05.019
0068	12.0900000000	4.9800000000	14.9700000000	36.0000000000	39.5768010860	7.3642966320	0.3925896074	5.5918341661	34618	15.0831942820	140	459.3000000000	0	2017-198	18:08:05.039
0068	12.0900000000	4.9800000000	14.9700000000	35.5000000000	39.6417952302	7.3642966320	0.4182606060	6.4237806760	34618	16.5064104276	141	459.4600000000	0	2017-198	18:08:05.209
0068	12.0300000000	4.9800000000	14.9700000000	35.5000000000	39.6609125689	7.3705587890	0.3578575790	7.5419840351	34617	17.0416726657	142	459.6000000000	0	2017-198	18:08:05.362
0068	12.0900000000	4.9800000000	15.0000000000	35.5000000000	39.6417952302	7.3642966320	0.2687588141	8.2603083351	34617	15.6057980618	143	459.7000000000	0	2017-198	18:08:05.456
0068	12.0600000000	4.9800000000	14.9700000000	35.5000000000	39.5691552063	7.3642966320	0.2702690053	8.7686566493	34617	15.0739387907	144	459.8000000000	0	2017-198	18:08:05.659
0068	12.1200000000	4.9800000000	15.0000000000	35.5000000000	39.5997393449	7.3642966320	0.4635613301	8.8649503729	34617	15.1826771622	145	459.9000000000	0	2017-198	18:08:05.659
0068	12.0900000000	4.9800000000	15.0000000000	35.5000000000	39.5653323056	7.3642966320	0.7761002080	8.6513152143	34616	15.1479766410	146	460.0100000000	0	2017-198	18:08:05.768
0068	12.0600000000	4.9800000000	14.9700000000	36.0000000000	39.5271047260	7.3580344750	1.0810290124	8.4151830648	34616	14.9906293959	147	460.1100000000	0	2017-198	18:08:05.971
0068	12.0600000000	4.9800000000	15.0000000000	35.5000000000	39.6647361132	7.3705587890	1.3013856927	8.1911512157	34616	17.2861641410	148	460.2100000000	0	2017-198	18:08:05.971
0068	12.0300000000	4.9500000000	14.9700000000	35.5000000000	39.6838542189	7.3956074170	0.8863041842	7.4593754357	34616	17.3738057845	150	460.5100000000	0	2017-198	18:08:06.263
0068	12.1200000000	4.9800000000	15.0000000000	35.5000000000	39.6838542189	7.3893452600	0.7428865121	7.2866775597	34615	17.3784184347	151	460.6100000000	0	2017-198	18:08:06.437
0068	12.0300000000	4.9800000000	15.0000000000	35.5000000000	39.6838542189	7.3893452600	0.7459059685	7.0900002787	34615	17.3807247575	152	460.7200000000	0	2017-198	18:08:06.467
0068	12.0300000000	4.9800000000	14.9700000000	36.0000000000	39.6838542189	7.3956074170	0.7911971070	6.8183396669	34615	17.3784184347	153	460.8300000000	0	2017-198	18:08:06.577
0068	12.0600000000	4.9800000000	15.0000000000	35.5000000000	39.6838542189	7.4143938880	0.8017648486	6.3787870737	34615	17.3830310788	154	460.9200000000	0	2017-198	18:08:06.747
0068	12.0000000000	4.9500000000	14.9700000000	36.0000000000	39.6876779165	7.3956074170	0.7232599023	5.6937168966	34615	17.3830310788	155	461.0300000000	0	2017-198	18:08:06.777
0068	12.0900000000	4.9800000000	14.9700000000	35.5000000000	39.6876779165	7.4018695740	0.5239602341	4.8820352637	34615	17.3876437169	156	461.1400000000	0	2017-198	18:08:06.887
0068	12.0600000000	4.9800000000	15.0000000000	35.0000000000	39.6915016397	7.3830831030	0.1298149190	4.0054477890	34615	17.3968689755	157	461.2400000000	0	2017-198	18:08:07.057
0068	12.0600000000	4.9800000000	15.0000000000	36.0000000000	39.6953253883	7.3893452600	-0.2689628426	3.4554871036	34614	17.3945626630	158	461.3400000000	0	2017-198	18:08:07.087
0068	12.1200000000	4.9800000000	14.9700000000	35.5000000000	39.6953253883	7.3893452600	-0.6557544358	2.9537023350	34614	17.3899500337	159	461.5000000000	0	2017-198	18:08:07.257
0068	12.0600000000	4.9500000000	14.9700000000	35.5000000000	39.6876779165	7.4018695740	-0.7373556119	2.7850231078	34614	17.2953897023	160	461.6500000000	0	2017-198	18:08:07.410
0068	12.0600000000	4.9800000000	15.0000000000	35.5000000000	39.6876779165	7.3830831030	-0.7645569580	2.8686115863	34614	17.3484360947	161	461.7400000000	0	2017-198	18:08:07.488
0068	12.0900000000	4.9800000000	14.9700000000	35.5000000000	39.6953253883	7.3893452600	-0.8114048392	3.0507474875	34613	17.4014815961	162	461.8400000000	0	2017-198	18:08:07.660
0068	12.1200000000	4.9800000000	15.0300000000	35.5000000000	39.6953253883	7.3768209460	-0.9912533956	3.4166464837	34613	17.3991752865	163	461.9400000000	0	2017-198	18:08:07.691
0068	12.0600000000	4.9800000000	14.9700000000	35.5000000000	39.6991491623	7.3956074170	-1.3162427313	3.8843619434	34613	17.3945626630	164	462.0500000000	0	2017-198	18:08:07.800
0068	12.1200000000	4.9800000000	14.9700000000	35.5000000000	39.6991491623	7.3768209460	-1.6216435641	4.2716065193	34613	17.3438234024	165	462.1500000000	0	2017-198	18:08:07.972
0068	12.0900000000	4.9800000000	15.0000000000	35.5000000000	39.6838542189	7.3705587890	-1.8106593212	4.7009493885	34613	17.2584872611	166	462.2600000000	0	2017-198	18:08:08.003
0068	12.0900000000	4.9800000000	14.9700000000	35.5000000000	39.5882700989	7.3517723180	-0.9655594681	6.0264301893	34612	15.2266269177	168	462.5600000000	0	2017-198	18:08:08.301
0068	12.0600000000	4.9800000000	15.0000000000	35.0000000000	39.5806240645	7.3580344750	-0.5152291419	6.4507781276	34612	15.2150616476	169	462.6600000000	0	2017-198	18:08:08.475
0068	12.0600000000	4.9800000000	14.9700000000	35.0000000000	39.6609125689	7.3517723180	-0.1012824168	6.9338960345	34612	16.2732931148	170	462.7600000000	0	2017-198	18:08:08.505
0068	12.0900000000	4.9800000000	14.9700000000	35.5000000000	39.6762069000	7.3517723180	0.2098602064	7.6246016694	34612	16.9447892688	171	462.8700000000	0	2017-198	18:08:08.615
0068	12.1200000000	4.9800000000	14.9700000000	35.5000000000	39.6723832789	7.3705587890	0.3714484655	8.3760854831	34611	16.3771657535	172	462.9600000000	0	2017-198	18:08:08.795
0068	12.0600000000	4.9500000000	14.9700000000	35.5000000000	39.6800305467	7.3455101610	0.5013109212	9.2306770119	34611	15.5480178310	173	463.0800000000	0	2017-198	18:08:08.825
0068	12.0600000000	4.9800000000	14.9700000000	35.5000000000	39.6647361132	7.3642966320	0.5103706861	9.9506045801	34611	15.7074748758	174	463.1800000000	0	2017-198	18:08:08.935
0068	12.0600000000	4.9800000000	14.9700000000	35.5000000000	39.6570890498	7.3642966320	0.4046701303	10.4585787394	34611	16.1024475306	175	463.2800000000	0	2017-198	18:08:09.105
0068	12.0300000000	4.9800000000	15.0000000000	35.5000000000	39.6417952302	7.3705587890	0.1192425907	10.8492107678	34611	15.4624902038	176	463.3900000000	0	2017-198	18:08:09.135
0068	12.0900000000	4.9800000000	14.9700000000	35.5000000000	39.5806240645	7.3517723180	-0.5514925147	11.1540126513	34610	15.1433496793	177	463.5500000000	0	2017-198	18:08:09.295
0068	12.0300000000	4.9800000000	14.9700000000	35.5000000000	39.5653323056	7.3580344750	-1.2860082939	11.4423285095	34610	15.1757372958	178	463.6900000000	0	2017-198	18:08:09.443
0068	12.0600000000	4.9800000000	14.9700000000	36.0000000000	39.5462181908	7.3392480040	-1.6745656570	11.6144642447	34610	15.2220008484	179	463.7900000000	0	2017-198	18:08:09.536
0068	12.0900000000	4.9800000000	14.9700000000	35.5000000000	39.5691552063	7.3329858470	-1.8030982492	11.6491980899	34610	15.4994770427	180	463.9500000000	0	2017-198	18:08:09.708
0068	12.0600000000	4.9800000000	15.0000000000	35.5000000000	39.5729781332	7.3329858470	-1.1544953448	11.9180612783	34609	15.5133463493	181	464.1000000000	0	2017-198	18:08:09.848
0068	12.0600000000	4.9800000000	14.9700000000	36.0000000000	39.5500409619	7.3517723180	-0.5711355291	12.2761889211	34609	15.4324362051	182	464.1900000000	0	2017-198	18:08:10.020
0068	12.0300000000	4.9800000000	14.9700000000	35.5000000000	39.5538637589	7.3517723180	0.0935666359	13.0549771315	34609	15.5549518240	183	464.3000000000	0	2017-198	18:08:10.051
0068	12.0300000000	4.9800000000	14.9700000000	35.5000000000	39.5576865816	7.3517723180	0.5435893707	15.3900243724	34608	15.5179693605	185	464.6000000000	0	2017-198	18:08:10.349
0068	12.0900000000	4.9800000000	14.9700000000	35.5000000000	39.5385727267	7.3392480040	0.1872062994	15.5949251298	34608	15.5156578606	186	464.7000000000	0	2017-198	18:08:10.523
0068	12.0900000000	4.9500000000	15.0000000000	35.5000000000	39.5118144232	7.3392480040	-0.4532811755	15.7042277909	34608	15.5295266899	187	464.8100000000	0	2017-198	18:08:10.553
0068	12.0300000000	4.9800000000	14.9700000000	35.5000000000	39.5309273668	7.3392480040	-1.0547343351	15.8287302356	34608	15.4948538491	188	464.9200000000	0	2017-198	18:08:10.663
0068	12.0900000000	4.9800000000	15.0000000000	35.5000000000	39.5538637589	7.3204615330	-1.2829848826	16.1704559520	34608	15.4879189726	189	465.0100000000	0	2017-198	18:08:10.833
0068	12.0600000000	4.9800000000	14.9700000000	35.0000000000	39.5576865816	7.3329858470	-1.0774067286	17.0140258672	34608	15.4925422351	190	465.1200000000	0	2017-198	18:08:10.863
0068	12.0900000000	4.9800000000	14.9700000000	35.5000000000	39.5194595225	7.3141993760	-0.5998449977	18.5073429297	34607	15.4856073242	191	465.2300000000	0	2017-198	18:08:10.973
0068	12.0300000000	4.9800000000	14.9700000000	35.0000000000	39.5768010860	7.3079372190	-0.2372381274	20.4036151014	34607	15.4185644577	192	465.3200000000	0	2017-198	18:08:11.143
0068	12.0300000000	4.9800000000	14.9700000000	35.0000000000	39.6303251348	7.2828885910	-0.0106519025	23.2973010431	34607	15.3769466397	193	465.4300000000	0	2017-198	18:08:11.173
0068	12.0600000000	4.9800000000	14.9700000000	35.5000000000	39.6800305467	7.2703642770	0.1207529278	26.4171163311	34607	14.5552576782	194	465.5300000000	0	2017-198	18:08:11.273
0068	12.0600000000	4.9500000000	14.9700000000	35.0000000000	38.9158270774	7.2453156490	0.0890355409	30.8049366489	34607	14.9003568151	195	465.6600000000	0	2017-198	18:08:11.418
0068	12.0000000000	4.9800000000	14.9700000000	36.0000000000	39.5959162370	7.2327913350	-0.5227839413	37.2314496503	34606	15.2266269177	196	465.8000000000	0	2017-198	18:08:11.559
0068	12.0300000000	4.9800000000	15.0000000000	35.5000000000	39.6226785329	7.2265291780	-0.7086435974	39.8658136968	34607	15.2289399329	197	465.9000000000	0	2017-198	18:08:11.652
0068	12.0300000000	4.9800000000	14.9700000000	35.5000000000	39.6226785329	7.2202670210	-0.4185309609	41.8714749443	34606	15.4648019680	198	466.0200000000	0	2017-198	18:08:11.777
0068	12.0000000000	4.9800000000	14.9700000000	35.5000000000	39.5806240645	7.2014805500	0.2023089409	42.6672578391	34607	15.4671137206	199	466.1100000000	0	2017-198	18:08:11.871
0068	12.0000000000	4.9800000000	14.9700000000	35.0000000000	39.6341484742	7.1639076080	-1.2527510931	43.7546542270	34605	15.3676977060	202	466.4400000000	0	2017-198	18:08:12.182
0068	12.0900000000	4.9800000000	15.0000000000	35.0000000000	39.6112088230	7.1701697650	-2.0087725245	43.8600127678	34605	15.3283875595	203	466.5400000000	0	2017-198	18:08:12.289
0068	12.0900000000	4.9500000000	14.9700000000	35.5000000000	39.5806240645	7.1325968230	-2.2840557086	43.9386472808	34605	15.3491992545	204	466.6700000000	0	2017-198	18:08:12.419
0068	12.0600000000	4.9800000000	14.9700000000	35.5000000000	-14.7450330091	7.1200725090	0.3487969218	43.9779673373	34604	15.4301242768	205	466.8200000000	0	2017-198	18:08:12.569
0068	12.0900000000	4.9800000000	15.0000000000	35.5000000000	-24.9058372786	7.0950238810	-2.3838957270	44.0015602673	34604	17.1385502642	206	466.9100000000	0	2017-198	18:08:12.729
0068	12.0900000000	4.9800000000	15.0000000000	35.0000000000	-25.7076490720	7.0824995670	1.4764412277	44.0235809415	34604	17.3599677962	207	467.0200000000	0	2017-198	18:08:12.769
0068	12.0600000000	4.9800000000	14.9700000000	35.0000000000	-26.4682669022	7.0699752530	-0.2327060782	44.0518940972	34604	17.5352455347	208	467.1600000000	0	2017-198	18:08:12.909
0068	12.0600000000	4.9800000000	14.9700000000	35.5000000000	-26.5931139923	7.0449266250	-1.7017834357	44.0613320308	34604	17.5329392869	209	467.3000000000	0	2017-198	18:08:13.049
0068	12.0600000000	4.9800000000	14.9700000000	35.5000000000	-26.6467082997	7.0386644680	-1.0789182333	44.0676240463	34604	17.4937329538	210	467.4000000000	0	2017-198	18:08:13.139
