SN	INTTIME(LI)	SAMPLE(DELAY)	LI(348.08)	LI(351.41)	LI(354.74)	LI(358.07)	LI(361.40)	LI(364.73)	LI(368.06)	LI(371.39)	LI(374.72)	LI(378.06)	LI(381.39)	LI(384.72)	LI(388.06)	LI(391.39)	LI(394.73)	LI(398.07)	LI(401.40)	LI(404.74)	LI(408.08)	LI(411.42)	LI(414.76)	LI(418.10)	LI(421.44)	LI(424.78)	LI(428.12)	LI(431.46)	LI(434.80)	LI(438.14)	LI(441.48)	LI(444.83)	LI(448.17)	LI(451.51)	LI(454.86)	LI(458.20)	LI(461.54)	LI(464.89)	LI(468.23)	LI(471.58)	LI(474.92)	LI(478.27)	LI(481.62)	LI(484.96)	LI(488.31)	LI(491.66)	LI(495.00)	LI(498.35)	LI(501.70)	LI(505.04)	LI(508.39)	LI(511.74)	LI(515.09)	LI(518.43)	LI(521.78)	LI(525.13)	LI(528.48)	LI(531.83)	LI(535.17)	LI(538.52)	LI(541.87)	LI(545.22)	LI(548.57)	LI(551.92)	LI(555.26)	LI(558.61)	LI(561.96)	LI(565.31)	LI(568.66)	LI(572.01)	LI(575.35)	LI(578.70)	LI(582.05)	LI(585.40)	LI(588.74)	LI(592.09)	LI(595.44)	LI(598.79)	LI(602.13)	LI(605.48)	LI(608.83)	LI(612.17)	LI(615.52)	LI(618.86)	LI(622.21)	LI(625.55)	LI(628.90)	LI(632.24)	LI(635.59)	LI(638.93)	LI(642.28)	LI(645.62)	LI(648.96)	LI(652.31)	LI(655.65)	LI(658.99)	LI(662.33)	LI(665.67)	LI(669.01)	LI(672.35)	LI(675.69)	LI(679.03)	LI(682.37)	LI(685.71)	LI(689.05)	LI(692.39)	LI(695.72)	LI(699.06)	LI(702.39)	LI(705.73)	LI(709.06)	LI(712.40)	LI(715.73)	LI(719.07)	LI(722.40)	LI(725.73)	LI(729.06)	LI(732.39)	LI(735.72)	LI(739.05)	LI(742.38)	LI(745.71)	LI(749.03)	LI(752.36)	LI(755.69)	LI(759.01)	LI(762.34)	LI(765.66)	LI(768.98)	LI(772.30)	LI(775.63)	LI(778.95)	LI(782.27)	LI(785.58)	LI(788.90)	LI(792.22)	LI(795.53)	LI(798.85)	LI(802.16)	DARK_SAMP(LI)	DARK_AVE(LI)	TEMP(PCB)	FRAME(COUNTER)	TIMER	CHECK(SUM)	DATETAG	TIMETAG2
0250	0.1280000000	0.0000000000	-0.4415299018	-0.4824705549	-0.4268240544	-0.4322116542	-0.3915371479	-0.3114034881	-0.4034710086	-0.3599900923	-0.2847337503	-0.3642497823	-0.3337491829	-0.3296494508	-0.3968199089	-0.3745600536	-0.4261500577	-0.3635342906	-0.2985758699	-0.3661905338	-0.3362709791	-0.2989218039	-0.3435174972	-0.3045833484	-0.3154610404	-0.2591550072	-0.2030679951	-0.2475871858	-0.2157085499	-0.2080987373	-0.2432350955	-0.2011248710	-0.2144453997	-0.2228565929	-0.2101921679	-0.2353387318	-0.2202039724	-0.2266235371	-0.2588660206	-0.2435606947	-0.2409028391	-0.2607572384	-0.2607446974	-0.3017568015	-0.2628034799	-0.2362744765	-0.2931726744	-0.2581110522	-0.2685652894	-0.2795970265	-0.2557747396	-0.3130161731	-0.2597813735	-0.2500227573	-0.2902613508	-0.2641826097	-0.2627357960	-0.2574699633	-0.2312758075	-0.2490249952	-0.2309760671	-0.2261990970	-0.2465864441	-0.2151988692	-0.2237706594	-0.2361502851	-0.2134971900	-0.2225854467	-0.2173824591	-0.2119487959	-0.2302976041	-0.2381207789	-0.2445081109	-0.2551149880	-0.2558150200	-0.2864879698	-0.2588994553	-0.2440821631	-0.2780107166	-0.2860330897	-0.3411902105	-0.3546648455	-0.3273563941	-0.3984418361	-0.4098576292	-0.3699032319	-0.3843842458	-0.3533529817	-0.3553838476	-0.3483732820	-0.3278261414	-0.3735932191	-0.3482679762	-0.3309301512	-0.3923504195	-0.3974459906	-0.3847998328	-0.3778711614	-0.3932612863	-0.4654600667	-0.3998520291	-0.3699215850	-0.4222188073	-0.3893811026	-0.4067455718	-0.4252898421	-0.4070507542	-0.4646746085	-0.4220565730	-0.3715526310	-0.4593076989	-0.4289134946	-0.4049363888	-0.4687724133	-0.4373620257	-0.4891487997	-0.4171974422	-0.4253618763	-0.5477342369	-0.4504877560	-0.4271914691	-0.5051598422	-0.4877787352	-0.5508090648	-0.4931112760	-0.4773326469	-0.6196487063	-0.5426491183	-0.5018937051	-0.5950606912	-0.5284479326	-0.6247548121	-0.6001874493	-0.5433390878	-0.7430980102	-0.5502900069	-0.6025233468	-0.7135577651	-0.6703867376	15	1047	47.0000000000	201	5219.4600000000	0	2017-198	19:28:51.944
0250	0.1280000000	0.0000000000	-0.5152796488	-0.4646113071	-0.3955824575	-0.4523224727	-0.3703787598	-0.2991915866	-0.3518579626	-0.3226376438	-0.3235544628	-0.3664473677	-0.3688481393	-0.4156542575	-0.3554061113	-0.3148648324	-0.3808357502	-0.3635342906	-0.3541248690	-0.3797664707	-0.3439135013	-0.3427359196	-0.3156781631	-0.2707644483	-0.2898418840	-0.2408198457	-0.2386058419	-0.2505923862	-0.2099458530	-0.2136801674	-0.2145571065	-0.1991062814	-0.2251752812	-0.2120588523	-0.2074474102	-0.2297316405	-0.2302652161	-0.2377111197	-0.2268970097	-0.2333722644	-0.2577354586	-0.2632123023	-0.2466115626	-0.2773809039	-0.2509523301	-0.2678138825	-0.2965974988	-0.2572480672	-0.2798194638	-0.2519940918	-0.2583504397	-0.2858544298	-0.2480096293	-0.2641415332	-0.2738497480	-0.2366605523	-0.2659305892	-0.2354051845	-0.2181063064	-0.2596880832	-0.2264798471	-0.2431858351	-0.2480463216	-0.2274565991	-0.2438233980	-0.2347319651	-0.2149051438	-0.2190771475	-0.2230080079	-0.2409678493	-0.2453574220	-0.2351966028	-0.2595232552	-0.2489141473	-0.2254110480	-0.2434996871	-0.2588994553	-0.2967445282	-0.3160109643	-0.2794917944	-0.3286396734	-0.3287391985	-0.2784492400	-0.3479092177	-0.3698991732	-0.4147037317	-0.4156072775	-0.3476679161	-0.3616839557	-0.3319264703	-0.3151249119	-0.3835893512	-0.3632551280	-0.3309301512	-0.3469643740	-0.3516289450	-0.4261310631	-0.3999577679	-0.3672948758	-0.4331254827	-0.3760804318	-0.3611166536	-0.4032543298	-0.3766278059	-0.4453606578	-0.4382721842	-0.3743726079	-0.4830468476	-0.3891302204	-0.3715526310	-0.4593076989	-0.4222231158	-0.4628019385	-0.4347989665	-0.4029683765	-0.5156440749	-0.4483680581	-0.4109539165	-0.4628223713	-0.4415403642	-0.4909493507	-0.4757426455	-0.4610021112	-0.6357506109	-0.5029111417	-0.4457272722	-0.5422977145	-0.4777393454	-0.5660793662	-0.5598405170	-0.5069219010	-0.6981377497	-0.5290465780	-0.5318747866	-0.7215641010	-0.6186195552	-0.6500786281	-0.6922256944	-0.6857566377	15	1050	45.5000000000	202	5221.5600000000	0	2017-198	19:28:54.187
0250	0.1280000000	0.0000000000	-0.4726686839	-0.4899119081	-0.4064490999	-0.3165744483	-0.3844843519	-0.3669121312	-0.3034707320	-0.3557212410	-0.3720803533	-0.3664473677	-0.3416747537	-0.3040804542	-0.3991864116	-0.3387429209	-0.3069018800	-0.3978138088	-0.3714839312	-0.3673218619	-0.3450052902	-0.2801443258	-0.3574371642	-0.2998862790	-0.2129844149	-0.2899914153	-0.2520312507	-0.2378202848	-0.2488440570	-0.2011219497	-0.2323101473	-0.2098720928	-0.1768908145	-0.2282554632	-0.2149954937	-0.2115085939	-0.2446384213	-0.2347544310	-0.2710446914	-0.2341559898	-0.1976189604	-0.2689407845	-0.2432861191	-0.2462806207	-0.2958173973	-0.2814525446	-0.3111530025	-0.2814116477	-0.2322056490	-0.2908107187	-0.2729460731	-0.2552974687	-0.2959374450	-0.2691246305	-0.2623616261	-0.2609447206	-0.2299891661	-0.2480136295	-0.2405719260	-0.2200823278	-0.2624496072	-0.2387545121	-0.2283379757	-0.2303407708	-0.2194736439	-0.2517518054	-0.2127932131	-0.2078505900	-0.2469165906	-0.2190266138	-0.2173891887	-0.2417759990	-0.2249884233	-0.2659664592	-0.2574152291	-0.2468064781	-0.2870078332	-0.2695356396	-0.2942965371	-0.3224774494	-0.2987114698	-0.3297363388	-0.3283969719	-0.3445403764	-0.4323342607	-0.4173390552	-0.3981223798	-0.3453938898	-0.3207332531	-0.3545408364	-0.3447611140	-0.3569329989	-0.3966880052	-0.3521319192	-0.3947391587	-0.4191488016	-0.3531935978	-0.4269525092	-0.4155182095	-0.3659690392	-0.3748292951	-0.3774686691	-0.4196902103	-0.4301916519	-0.3925867070	-0.4603421657	-0.4397289004	-0.3951225604	-0.3864961122	-0.4099538139	-0.4965897084	-0.4650415401	-0.4049363888	-0.4918743571	-0.4249803120	-0.3761952577	-0.4427006734	-0.4268026723	-0.5082062995	-0.4743474675	-0.4454080067	-0.5872183381	-0.5019545950	-0.4370194465	-0.5355773607	-0.5189186662	-0.5355715413	-0.5238594472	-0.5556708806	-0.6655010395	-0.5858506837	-0.5385298604	-0.6001874493	-0.5930177260	-0.6236826957	-0.6166098626	-0.6728224583	-0.8074188762	-0.6747781377	15	1048	46.5000000000	203	5223.7600000000	0	2017-198	19:28:56.261
0250	0.1280000000	0.0000000000	-0.5251129484	-0.4527051419	-0.4159574120	-0.3806776820	-0.3797824878	-0.3336069454	-0.3077718191	-0.3493179641	-0.3213977565	-0.3488666844	-0.3541292221	-0.3389472678	-0.3542228600	-0.3542636784	-0.3999154586	-0.4072702276	-0.3194067446	-0.3616652215	-0.3570149680	-0.2978786107	-0.3335748779	-0.3008256929	-0.2624558893	-0.2758233359	-0.2267598930	-0.2273020836	-0.2380390003	-0.2192615975	-0.2200195806	-0.2132364089	-0.1876206960	-0.1985616765	-0.2019578949	-0.2409458230	-0.2439197611	-0.2258843649	-0.2603883544	-0.2482630471	-0.2256733262	-0.2370249548	-0.2416233974	-0.2815836448	-0.2924313545	-0.2661090497	-0.2931726744	-0.2840006027	-0.2425941177	-0.2701085177	-0.2703703731	-0.2476582284	-0.2791206675	-0.2425481113	-0.2861584501	-0.2649920819	-0.2331839593	-0.2582579911	-0.2444453087	-0.2208439770	-0.2264798471	-0.2387545121	-0.2772438710	-0.2339459855	-0.2058664284	-0.2460785253	-0.2106812824	-0.1839941554	-0.2223048143	-0.2091176687	-0.2503773613	-0.2563968796	-0.2294929666	-0.2907698220	-0.2670164834	-0.2186987548	-0.2801936810	-0.2695356396	-0.3051537507	-0.2766883821	-0.2871263587	-0.3736105106	-0.3294375496	-0.2872700755	-0.3973706117	-0.3936211436	-0.4081137499	-0.3488049292	-0.3144331450	-0.4090209003	-0.3288845772	-0.3058416572	-0.3759365642	-0.3591991752	-0.3851842018	-0.4070916844	-0.3592717199	-0.4490391157	-0.3598759014	-0.3361217309	-0.4711668210	-0.3925628373	-0.4045186283	-0.4340176409	-0.3990225547	-0.4603421657	-0.3639156011	-0.3636272934	-0.4628852503	-0.4020087415	-0.4366721932	-0.4463084795	-0.4130106515	-0.5013869222	-0.4167258362	-0.4138464384	-0.5177935210	-0.4541777960	-0.4716063574	-0.4967159470	-0.4605884547	-0.5732838765	-0.5114051683	-0.4642648480	-0.5731435126	-0.4523810353	-0.5153930217	-0.6297648663	-0.5383234046	-0.6109097695	-0.5679123240	-0.5532064480	-0.6413742696	-0.5242319192	-0.6060640428	-0.6969975664	-0.6314700398	-0.7818203913	-0.6637996376	15	1054	48.0000000000	204	5225.8000000000	0	2017-198	19:28:58.352
0250	0.1280000000	0.0000000000	-0.5529739639	-0.4288928116	-0.4512739997	-0.3819346082	-0.3104299934	-0.3347171182	-0.3260514396	-0.3365114103	-0.3699236471	-0.3334835865	-0.3631870173	-0.3680029457	-0.3341075869	-0.4008259510	-0.3677184507	-0.3422573482	-0.3344512651	-0.3492206127	-0.3952275793	-0.3479518857	-0.2848560433	-0.3337051791	-0.2642227276	-0.2241515170	-0.2480826011	-0.2205403829	-0.2373186632	-0.2450757116	-0.1995353027	-0.2314037157	-0.2063979886	-0.1769661953	-0.2149954937	-0.2192183444	-0.2273905750	-0.2229276762	-0.2238523420	-0.2709910838	-0.2441090523	-0.2288414088	-0.2624074191	-0.2530050063	-0.2881988010	-0.2635518006	-0.2777609646	-0.3297388087	-0.2702967009	-0.2243911571	-0.2823903066	-0.2417165971	-0.2614630512	-0.2666330819	-0.2525146644	-0.2884667779	-0.2683266841	-0.2109763223	-0.2808551061	-0.2383619072	-0.2159886671	-0.2343231891	-0.2276080369	-0.2433195437	-0.2065825976	-0.2233854048	-0.2782630659	-0.2148671884	-0.2061313614	-0.2275199953	-0.2037636392	-0.2425070431	-0.2234869089	-0.2194601540	-0.3118223369	-0.2592069443	-0.2418640747	-0.3160540621	-0.2870583947	-0.3187395663	-0.3199508401	-0.3097935334	-0.3970751032	-0.3029913346	-0.3424277347	-0.4463276138	-0.3619036630	-0.3510789555	-0.3406835954	-0.3154796586	-0.3828648024	-0.3258339213	-0.3171408146	-0.4063142151	-0.3648799183	-0.4107088196	-0.3981717014	-0.3606926897	-0.4723970134	-0.3746745041	-0.3523088345	-0.4479081207	-0.3944042402	-0.4187136849	-0.4414991492	-0.3889392843	-0.4632571657	-0.4003717716	-0.3627891383	-0.4404099244	-0.3714286766	-0.4409561764	-0.5099018046	-0.4497472831	-0.4772586589	-0.4403417136	-0.3831931338	-0.4858753077	-0.4276864270	-0.4534702199	-0.5380087396	-0.4540668164	-0.5633833209	-0.4626621774	-0.4457452584	-0.5571778040	-0.4750359824	-0.5716877010	-0.6302650272	-0.4929221862	-0.6540164506	-0.6559425606	-0.5271744498	-0.6426963642	-0.5766996212	-0.6065613996	-0.7451891908	-0.6324958964	-0.7823674385	15	1052	46.0000000000	205	5227.9000000000	0	2017-198	19:29:00.427
0250	0.1280000000	0.0000000000	-0.5660850301	-0.3991273986	-0.4241073938	-0.4485516942	-0.3210091875	-0.3868952428	-0.3325030703	-0.2746130671	-0.3494349377	-0.3071125616	-0.3382780805	-0.3842741254	-0.3057095542	-0.3972442377	-0.4034929040	-0.3528958194	-0.3772702852	-0.3265940512	-0.3111598345	-0.3552542383	-0.2639765427	-0.3224322124	-0.2969092375	-0.2374861799	-0.2757231486	-0.2310585840	-0.1991407963	-0.2318198152	-0.1872447359	-0.2011248710	-0.2318814572	-0.1769661953	-0.2417568808	-0.2290307541	-0.1900202414	-0.2443636693	-0.2071066697	-0.2419932439	-0.2745680780	-0.2222945719	-0.2948304930	-0.2925107714	-0.2492593087	-0.2891242920	-0.2520747816	-0.2822746327	-0.3023278126	-0.2442307664	-0.3175915402	-0.2892496477	-0.2345562074	-0.2824128902	-0.2590793055	-0.2504215810	-0.2898915379	-0.2330411011	-0.2754323703	-0.2589264340	-0.1860138671	-0.2527870348	-0.2495061990	-0.2151988692	-0.2431072288	-0.2162938047	-0.2282807052	-0.2274970656	-0.1688621002	-0.2445067582	-0.2267119331	-0.2154584139	-0.2482618970	-0.2287614150	-0.2742174241	-0.2592069443	-0.2231251560	-0.3002553526	-0.2888679303	-0.2449163762	-0.3315359512	-0.3018164112	-0.3481679491	-0.3557698472	-0.3274433137	-0.4898104518	-0.3931266947	-0.2714880363	-0.3679840638	-0.3494012078	-0.3468779856	-0.3747039004	-0.3182936725	-0.4145593471	-0.3804067233	-0.3383661160	-0.4164060678	-0.3803252288	-0.3932612863	-0.4144709151	-0.3510576978	-0.4541973575	-0.3931399417	-0.3511212126	-0.4543708445	-0.3902375185	-0.4005151249	-0.4568007917	-0.4154713025	-0.4642451413	-0.4260201905	-0.3660239338	-0.4358877293	-0.4035433955	-0.4029683765	-0.4891487997	-0.4682039047	-0.5348623712	-0.4730703551	-0.4355754363	-0.4939854403	-0.4478737224	-0.4893538308	-0.5427957114	-0.4898446541	-0.5571778040	-0.5086668485	-0.5033616242	-0.6111828037	-0.5439914387	-0.6037890434	-0.6541079871	-0.5440236036	-0.6484285148	-0.6021487866	-0.5824450885	-0.6852281839	-0.6282294822	-0.6769738377	15	1046	46.5000000000	206	5229.9400000000	0	2017-198	19:29:02.423
0250	0.1280000000	0.0000000000	-0.5841127460	-0.4363341648	-0.4186740726	-0.4045592789	-0.3327638475	-0.3924461071	-0.3056212756	-0.2980917490	-0.3699236471	-0.3104089397	-0.3767737101	-0.3680029457	-0.3400238437	-0.4354491793	-0.3629485236	-0.3197983535	-0.3876857226	-0.2903915528	-0.3384545568	-0.3802908758	-0.3047412819	-0.3280686958	-0.2774740154	-0.2291520156	-0.2709847690	-0.2167838824	-0.2085051787	-0.2429826753	-0.2056805860	-0.2192921779	-0.2110923118	-0.1951873826	-0.2328364184	-0.1953882065	-0.2202039724	-0.2650604903	-0.2131960051	-0.2741259854	-0.2705603115	-0.2190211535	-0.2973245756	-0.2361940424	-0.2424872231	-0.2959436230	-0.2178265377	-0.2986713481	-0.3144476927	-0.2390552161	-0.3115815735	-0.2595414911	-0.2227844632	-0.2824128902	-0.2287178404	-0.2690394433	-0.2890928396	-0.2267368786	-0.2847284888	-0.2421701529	-0.2084949671	-0.2520484810	-0.2144691397	-0.2425985007	-0.2445395673	-0.1843816040	-0.2606636431	-0.2338120041	-0.1857387467	-0.2430911947	-0.1987436999	-0.2425070431	-0.2640277985	-0.2008576319	-0.3070217097	-0.2815277834	-0.2384569986	-0.3055215891	-0.2816297879	-0.2860330897	-0.3344322290	-0.2868593072	-0.3679389263	-0.3681222651	-0.3087127875	-0.4489629373	-0.4255986477	-0.3749562312	-0.3606339377	-0.3216472130	-0.3987413392	-0.3624864056	-0.2906250844	-0.4286938591	-0.4066828549	-0.3986517023	-0.4188373166	-0.3533304875	-0.4328291498	-0.3945727096	-0.2997610931	-0.4315561052	-0.4095758223	-0.3830044543	-0.4427863187	-0.4097110316	-0.4410360263	-0.4344916442	-0.3667403006	-0.4536517116	-0.4486556962	-0.3807427672	-0.4749133327	-0.4755671026	-0.4800101508	-0.4389472255	-0.3831931338	-0.5017240635	-0.4540383852	-0.4161894208	-0.5364906948	-0.4881288336	-0.5413319834	-0.5187556512	-0.4277788379	-0.5721487709	-0.5439792578	-0.4623659781	-0.6042438133	-0.5668845519	-0.5338294406	-0.6320931059	-0.6189087313	-0.6618035328	-0.6060640428	-0.5643578551	-0.6893634258	-0.6218298610	-0.6989308378	15	1048	48.0000000000	207	5231.9700000000	0	2017-198	19:29:04.561
0250	0.1280000000	0.0000000000	-0.4382521353	-0.5167007798	-0.4322573756	-0.3090328914	-0.3880107499	-0.3247255624	-0.2937932858	-0.3631917307	-0.3602184690	-0.3719413313	-0.3552614465	-0.3098915898	-0.3838041440	-0.3399368253	-0.3247891067	-0.3836291805	-0.3691693895	-0.4001303760	-0.3362709791	-0.2676260071	-0.3405347114	-0.2876738984	-0.2536216974	-0.2891579988	-0.2488723310	-0.2581053870	-0.2200305725	-0.1739124779	-0.2207023898	-0.2078535032	-0.1889619312	-0.2316297571	-0.2143093043	-0.2101068211	-0.2396077995	-0.2236668484	-0.2542990190	-0.2427769693	-0.2264748795	-0.2697591391	-0.2582506148	-0.2731781629	-0.2814267154	-0.2661090497	-0.3154340330	-0.2632889623	-0.2408627063	-0.2916733105	-0.2660775397	-0.2748199716	-0.2824840230	-0.2383955302	-0.2787732289	-0.2544689424	-0.2355800542	-0.2566819355	-0.2452199853	-0.2421701529	-0.2609508672	-0.2343231891	-0.2436666891	-0.2281776420	-0.2280676748	-0.2439510453	-0.2170170746	-0.2204804671	-0.2342591057	-0.2161954866	-0.2410546168	-0.2388518229	-0.2182316084	-0.2682917745	-0.2478139748	-0.2707807127	-0.2997843687	-0.2546146361	-0.3250586423	-0.3000501511	-0.2658869884	-0.3197649361	-0.3346404384	-0.3692452121	-0.4348316642	-0.4147037317	-0.4268475690	-0.3635860999	-0.3144331450	-0.3195913615	-0.3405273709	-0.4124670661	-0.3978408631	-0.3721558112	-0.4341533561	-0.3914174319	-0.3264498605	-0.3901414984	-0.3611123972	-0.4157145529	-0.4186190796	-0.3711794324	-0.4538262700	-0.4008590696	-0.3488229429	-0.4447633552	-0.4201220127	-0.4043086800	-0.4075689779	-0.4126021713	-0.5099047117	-0.4449704037	-0.4116649410	-0.4796439162	-0.4249803120	-0.4570755717	-0.4256985192	-0.4599409800	-0.5579822207	-0.4564526839	-0.4469260515	-0.5438666799	-0.4862036397	-0.5203583219	-0.5404772936	-0.5372165147	-0.6028332733	-0.5306920549	-0.4828114815	-0.6073877521	-0.5481801283	-0.5550410214	-0.6226529876	-0.6102141777	-0.6726233984	-0.5623481625	-0.6438757654	-0.8287509469	-0.7077136379	15	1052	47.0000000000	208	5234.1100000000	0	2017-198	19:29:06.620
0250	0.1280000000	0.0000000000	-0.4988908162	-0.5271186743	-0.4118824211	-0.3442268236	-0.3774315558	-0.3413781554	-0.3475568754	-0.3237048566	-0.3267895221	-0.3895220146	-0.3484681001	-0.3354605864	-0.3838041440	-0.3518758695	-0.3653334871	-0.3694445523	-0.3448667025	-0.3922110795	-0.3242613012	-0.2968354175	-0.3952191176	-0.2904921400	-0.2403704096	-0.2749899195	-0.2346571923	-0.2453332856	-0.2142678756	-0.2046103435	-0.2657678012	-0.2145821353	-0.1822557552	-0.2100342759	-0.2053888420	-0.2346378454	-0.2230786134	-0.2266235371	-0.2915961983	-0.2435606947	-0.2128484733	-0.2640306569	-0.2416233974	-0.2647726810	-0.2814267154	-0.2465034731	-0.3094405903	-0.2494812020	-0.2365341776	-0.3063373695	-0.2514819063	-0.2654831224	-0.2866882174	-0.2350734653	-0.2951848317	-0.2277563573	-0.2331839593	-0.2653502414	-0.2397972495	-0.2406468546	-0.2482115771	-0.2313689738	-0.2633750350	-0.2101515687	-0.2058664284	-0.2517518054	-0.1888579981	-0.2324086845	-0.2708251733	-0.2197343956	-0.2518116296	-0.2256930304	-0.2129763079	-0.2605407236	-0.2174100027	-0.2550734555	-0.3134126731	-0.2888451734	-0.3087728219	-0.2841641482	-0.2774720995	-0.3646362482	-0.3055042614	-0.3366797469	-0.4398264712	-0.4002094524	-0.4193540414	-0.3397088242	-0.3070830189	-0.3668759452	-0.3066574256	-0.3458261855	-0.3955351474	-0.3132620112	-0.4186265511	-0.4263830720	-0.3252342361	-0.4110010712	-0.3611123972	-0.3734308662	-0.4323815833	-0.3472803327	-0.4285402999	-0.4544229155	-0.3874380289	-0.4940962551	-0.3887509922	-0.3728134129	-0.4470806010	-0.3742009884	-0.4513186969	-0.4583511613	-0.3511079704	-0.4945922328	-0.4524952314	-0.4305802964	-0.4866229050	-0.4311250603	-0.5038143064	-0.4847860912	-0.3862042595	-0.5593494149	-0.5334565057	-0.4754835428	-0.5502771593	-0.4673520023	-0.5288453681	-0.5563143337	-0.4654640056	-0.6478909524	-0.5948198636	-0.5036729651	-0.6114202185	-0.5280533529	-0.6354284644	-0.6889587960	-0.6149290724	-0.8052856691	-0.6989308378	15	1048	48.5000000000	209	5236.1500000000	0	2017-198	19:29:08.663
0250	0.1280000000	0.0000000000	-0.4530020847	-0.5405131101	-0.4132407514	-0.3831915343	-0.3985899440	-0.3213950439	-0.3518579626	-0.3140999412	-0.3149276378	-0.3818304656	-0.3122369193	-0.3284872237	-0.3944534062	-0.3447124430	-0.4011079404	-0.3741727617	-0.3263503694	-0.4069183445	-0.2958747900	-0.2843170987	-0.3594256881	-0.2801585872	-0.2863082073	-0.2758233359	-0.2283393528	-0.2693748883	-0.2056238303	-0.1885637319	-0.2377726214	-0.2118906825	-0.2144453997	-0.2235314517	-0.1998993267	-0.2409458230	-0.2108613890	-0.2029700274	-0.2474485167	-0.2051581499	-0.2585370119	-0.2967648411	-0.2624074191	-0.2933513196	-0.2568779050	-0.2396841420	-0.2974537049	-0.2391253818	-0.2659681722	-0.3141006949	-0.2609261397	-0.2926448656	-0.2513729848	-0.2176326245	-0.2787732289	-0.2342321355	-0.2499566234	-0.2771706586	-0.2235290422	-0.2543565392	-0.2474622071	-0.2151207896	-0.2553457089	-0.2130357404	-0.2101634438	-0.2482060054	-0.1951937903	-0.2429335821	-0.2441038162	-0.2027476326	-0.2553973006	-0.2183825901	-0.2302437238	-0.2721672999	-0.2326119887	-0.2881413653	-0.2955255235	-0.2528592239	-0.3359158559	-0.2841641482	-0.2697486921	-0.3496791442	-0.3003013727	-0.3647534238	-0.4098576292	-0.3171967617	-0.4443324667	-0.3772302575	-0.3007829108	-0.3679038710	-0.3193586551	-0.3769252631	-0.3747837064	-0.3144398872	-0.4449026827	-0.4155316665	-0.3702123397	-0.4281795429	-0.3907882948	-0.4393436720	-0.4248747631	-0.3447646380	-0.4652049565	-0.4263656629	-0.3591202992	-0.4538509947	-0.3952866215	-0.4253055247	-0.4378612223	-0.3609592012	-0.4939267077	-0.4182088885	-0.3255394716	-0.4701313511	-0.4607497072	-0.4765984061	-0.4667870585	-0.4037499365	-0.5272382694	-0.4475052921	-0.3983486179	-0.5547045944	-0.5003794995	-0.5588224182	-0.5274108060	-0.4606982392	-0.6196487063	-0.5580224856	-0.5070979479	-0.6426079263	-0.5768815039	-0.5513718745	-0.6320136286	-0.6140356114	-0.7333098697	-0.6286680182	-0.6004557259	-0.7220905933	-0.6594082375	15	1048	47.0000000000	210	5238.2000000000	0	2017-198	19:29:10.707
0250	0.1280000000	0.0000000000	-0.4431687851	-0.4884236375	-0.3942241272	-0.3743930513	-0.3927126139	-0.3291662539	-0.3540085062	-0.3397130488	-0.3278678753	-0.3785340875	-0.3269558365	-0.3505695389	-0.3873538981	-0.3518758695	-0.3844131955	-0.3611701859	-0.3471812441	-0.4057870164	-0.3537396013	-0.3010081904	-0.3415289734	-0.2951892095	-0.2730569195	-0.2883245824	-0.2409750317	-0.2656183878	-0.2221915839	-0.1885637319	-0.2241164362	-0.2038163239	-0.2137747821	-0.2140834287	-0.1957821902	-0.2332360725	-0.2094240685	-0.2103617492	-0.2512543513	-0.2231838342	-0.2577354586	-0.2795793944	-0.2449488409	-0.2883080304	-0.2755011405	-0.2592897187	-0.2888916439	-0.2667409024	-0.2599082322	-0.2813222099	-0.2643604064	-0.2773663851	-0.2665080845	-0.2359039815	-0.2336413212	-0.2479931642	-0.2835019516	-0.2558939077	-0.2359238668	-0.2756827152	-0.2399685071	-0.2225063278	-0.2370972405	-0.2159199121	-0.2495527519	-0.2474968454	-0.2177210515	-0.2464418813	-0.2300399440	-0.2006242873	-0.2331661408	-0.2315413826	-0.2460096253	-0.2434884117	-0.2422132431	-0.2740875037	-0.2486782269	-0.2423267509	-0.2771059488	-0.2832296774	-0.3160891364	-0.2948364293	-0.3398433271	-0.4388679309	-0.4098576292	-0.3830798495	-0.4368389391	-0.3453938898	-0.3280833792	-0.3370660990	-0.3278261414	-0.4024709340	-0.3655608437	-0.3332859032	-0.3995166372	-0.3841831616	-0.3531935978	-0.4134551386	-0.4031532522	-0.4244200178	-0.3785827052	-0.3774686691	-0.4791122401	-0.3970330806	-0.3925867070	-0.4304827790	-0.4240433902	-0.4620500029	-0.3627891383	-0.3794977033	-0.5365347185	-0.4128565855	-0.3995535469	-0.4619777239	-0.3864594248	-0.4793873825	-0.4427006734	-0.4152763044	-0.5477342369	-0.4475052921	-0.4211192899	-0.5407701329	-0.4610021112	-0.5059342857	-0.5274108060	-0.5172552254	-0.6263748795	-0.4914045607	-0.5105674431	-0.6602180133	-0.5714999960	-0.6357622527	-0.6020595775	-0.5624462563	-0.7274369853	-0.5583287773	-0.6294024189	-0.7860868055	-0.6637996376	15	1045	45.5000000000	211	5240.2800000000	0	2017-198	19:29:12.829
0250	0.1280000000	0.0000000000	-0.4759464504	-0.4780057429	-0.4607823118	-0.3479976021	-0.4126955360	-0.3591409212	-0.3099223627	-0.3365114103	-0.3246328159	-0.3653485750	-0.3813026077	-0.3215138610	-0.4003696630	-0.3662027226	-0.3128642889	-0.3694445523	-0.3425521608	-0.3661905338	-0.3712082236	-0.3218720550	-0.3295978302	-0.2801585872	-0.2518548590	-0.2649889222	-0.2378161120	-0.2430793853	-0.2178695612	-0.2213546337	-0.2466491419	-0.2044891871	-0.1916444016	-0.2296051808	-0.1964683797	-0.1995935250	-0.2166106711	-0.2147967822	-0.2634330221	-0.2600189281	-0.2264748795	-0.2812161036	-0.2466115626	-0.2336723978	-0.2543383729	-0.2516179713	-0.2906040561	-0.2969453780	-0.2737595237	-0.3037495944	-0.2626432730	-0.2442630105	-0.2732347954	-0.2467006924	-0.2935436714	-0.2407079137	-0.2459631319	-0.3063276877	-0.2266277483	-0.2033260467	-0.2489609471	-0.2210292202	-0.2451265666	-0.2361091143	-0.2166089670	-0.2815365261	-0.2339125205	-0.1931157333	-0.2293367504	-0.2204421774	-0.2231262622	-0.2373897349	-0.2415050821	-0.2682917745	-0.2350123023	-0.2434996871	-0.2895631403	-0.2695356396	-0.3051537507	-0.3047225049	-0.2967806179	-0.3696219496	-0.2961390617	-0.2996224933	-0.4423238747	-0.3909858201	-0.3906288522	-0.3829153231	-0.3249333252	-0.3658480195	-0.3034821183	-0.3136164266	-0.3966880052	-0.3591991752	-0.3851842018	-0.4143259547	-0.3811529595	-0.4367687788	-0.3907882948	-0.3597508500	-0.4198702163	-0.3497960274	-0.4095758223	-0.4735528605	-0.4209044367	-0.4733245078	-0.4201220127	-0.3859364408	-0.4628852503	-0.3609592012	-0.4353406928	-0.4837746008	-0.4183934933	-0.4810028541	-0.4208530741	-0.3915346276	-0.4767049818	-0.4138355084	-0.4525743876	-0.4937334830	-0.4347816931	-0.5237391243	-0.5397568879	-0.4818942255	-0.5682435798	-0.5106014624	-0.5086668485	-0.5580224856	-0.4880157243	-0.6056267434	-0.5876445197	-0.5183495526	-0.6263972440	-0.5643569732	-0.5884453898	-0.6929781812	-0.5839147585	-0.7412894570	-0.7384534381	15	1055	45.0000000000	212	5242.3600000000	0	2017-198	19:29:14.841
0250	0.1280000000	0.0000000000	-0.4825019835	-0.4006156693	-0.4363323665	-0.3165744483	-0.3809579538	-0.3857850699	-0.3109976345	-0.3770654973	-0.3602184690	-0.2719511949	-0.3846992809	-0.3284872237	-0.3648721222	-0.4044076643	-0.3188266978	-0.4084522799	-0.3981011599	-0.3413013162	-0.3897686348	-0.3030945769	-0.2908216149	-0.3139774874	-0.2253522835	-0.2841575002	-0.2694053092	-0.2182864826	-0.2488440570	-0.2080987373	-0.1961212564	-0.2361137583	-0.1929856367	-0.2370286274	-0.2342087972	-0.1883793424	-0.2762594729	-0.2510162189	-0.2215688413	-0.2662887314	-0.2328873060	-0.2599388838	-0.2790346365	-0.2168614339	-0.2983569294	-0.3010581213	-0.2512185755	-0.2883155278	-0.2590425265	-0.2795970265	-0.2926931067	-0.2340773568	-0.2984599616	-0.2724466954	-0.2205120390	-0.2649920819	-0.2196060884	-0.2432854626	-0.2731083407	-0.2185590295	-0.2759382672	-0.2431858351	-0.1714027542	-0.2526931018	-0.2488365827	-0.2389869252	-0.2571437586	-0.2106572294	-0.2483229778	-0.2275199953	-0.1729268691	-0.2432380871	-0.2460096253	-0.2287614150	-0.2686166925	-0.2492865713	-0.2963772926	-0.2818235248	-0.2327723266	-0.3103293295	-0.3035385994	-0.3137820944	-0.3741823928	-0.3344338527	-0.4435725765	-0.4278803492	-0.3106978909	-0.3851893494	-0.3406835954	-0.2990328469	-0.3775726235	-0.3769252631	-0.3840065691	-0.3851124471	-0.3111332855	-0.4131202430	-0.3823685839	-0.3471953191	-0.4340656456	-0.4094963637	-0.4423906769	-0.4026256161	-0.3526823895	-0.4314669815	-0.4003097242	-0.4136057343	-0.4854783052	-0.4436777638	-0.4457635469	-0.4059812777	-0.3820806793	-0.4315896461	-0.4022449678	-0.3845182653	-0.4607497072	-0.4375527373	-0.4285322116	-0.4801121237	-0.4569663806	-0.5101370347	-0.5061297987	-0.4726460985	-0.5318814102	-0.5107422978	-0.5241441841	-0.5272358701	-0.4884883288	-0.5682713971	-0.5157716859	-0.5439914387	-0.6306965830	-0.5678830355	-0.6338857568	-0.6503392316	-0.5982335304	-0.6527843293	-0.6686872165	-0.6836928661	-0.7823674385	15	1053	47.5000000000	213	5244.4200000000	0	2017-198	19:29:16.900
0250	0.1280000000	0.0000000000	-0.4333354855	-0.4780057429	-0.3969407878	-0.3743930513	-0.3891862159	-0.3114034881	-0.3701375831	-0.3493179641	-0.2685584535	-0.3862256364	-0.3609225685	-0.3401094949	-0.3980031603	-0.3375490164	-0.4058778675	-0.3836291805	-0.2638577455	-0.4114436568	-0.3744835903	-0.2780579393	-0.3355634018	-0.2717038622	-0.2783574346	-0.2908248317	-0.2370263821	-0.2671209880	-0.2402000117	-0.1864706957	-0.2241164362	-0.1943962389	-0.2090804590	-0.2235314517	-0.1909788644	-0.2591688696	-0.2273905750	-0.1704464516	-0.2596271875	-0.2584514773	-0.2497199255	-0.2812161036	-0.2233334583	-0.2866269340	-0.2670360334	-0.1979157395	-0.2965974988	-0.2814116477	-0.2668338780	-0.3089251447	-0.2635018397	-0.2824592119	-0.2908924117	-0.2209546894	-0.2935436714	-0.2658015542	-0.2323852610	-0.2692903805	-0.2428959556	-0.2657812763	-0.2369710271	-0.2062581436	-0.2568055864	-0.2231303415	-0.1815166743	-0.2404052452	-0.2205369591	-0.2373203034	-0.2314463312	-0.1956698147	-0.2568315689	-0.2359276468	-0.1979611637	-0.2597656185	-0.2462137657	-0.2732608059	-0.2938219855	-0.2572477544	-0.3286777135	-0.2879020312	-0.2446476180	-0.3387106012	-0.3044636837	-0.3254502761	-0.4198472432	-0.4397393050	-0.4580706007	-0.3476679161	-0.2986828748	-0.3689317967	-0.3320598846	-0.3480475482	-0.3909237161	-0.3662664312	-0.4413195738	-0.3841831616	-0.3240186117	-0.4011848016	-0.3759503460	-0.3771617798	-0.4298793099	-0.3975942267	-0.4196902103	-0.4148876959	-0.3436742648	-0.4408686526	-0.3926723698	-0.4121824967	-0.4589340879	-0.4126021713	-0.4619706996	-0.4248992673	-0.4170477829	-0.4810028541	-0.4070956144	-0.4640480126	-0.4880397512	-0.4368882442	-0.5184542833	-0.4654000757	-0.4256734243	-0.4989667481	-0.4641523022	-0.4883049083	-0.5339440498	-0.4989573769	-0.5692024073	-0.5511898779	-0.5140369383	-0.5721675780	-0.5679123240	-0.6467696934	-0.6282693722	-0.5777319911	-0.7059030762	-0.6045517070	-0.5901176212	-0.6559611742	-0.6681910376	15	1051	44.5000000000	214	5246.4500000000	0	2017-198	19:29:19.022
0250	0.1280000000	0.0000000000	-0.4939741664	-0.4914001788	-0.4200324029	-0.3391991190	-0.3715542258	-0.3347171182	-0.3346536139	-0.3685277948	-0.3235544628	-0.3367799646	-0.3880959540	-0.3424339491	-0.3944534062	-0.3817234802	-0.3295590338	-0.3718086570	-0.3332939943	-0.3741098303	-0.3646574903	-0.3093537362	-0.3534601165	-0.2904921400	-0.2377201521	-0.2458203443	-0.2228112433	-0.2513436863	-0.2358779890	-0.1976335558	-0.2323101473	-0.2145821353	-0.1775614321	-0.2134085699	-0.2149954937	-0.2297316405	-0.2410451200	-0.2192318153	-0.2451650159	-0.2419932439	-0.2256733262	-0.2722142029	-0.2590819757	-0.2622510364	-0.2814267154	-0.2601421351	-0.2948850866	-0.2650149323	-0.2443255292	-0.3071999612	-0.2600675730	-0.2731223627	-0.2580996958	-0.2558363709	-0.2992877324	-0.2722773324	-0.2283917695	-0.2700784083	-0.2289517779	-0.2002794501	-0.2317254371	-0.2136436819	-0.2429367504	-0.2440405866	-0.2187574747	-0.2496243254	-0.2282807052	-0.2057456105	-0.2279303632	-0.2225655228	-0.2475088245	-0.2249619863	-0.2324959955	-0.2954204525	-0.2566151246	-0.2360594074	-0.2895631403	-0.2756795822	-0.3214395711	-0.3065914464	-0.2977460439	-0.3835819133	-0.3179911944	-0.2827782872	-0.4136037345	-0.4028447759	-0.3931266947	-0.3556270080	-0.3322834513	-0.3946299400	-0.3384104993	-0.3258339213	-0.3586436967	-0.3851124471	-0.4114603334	-0.3974459906	-0.3811529595	-0.4735797896	-0.3277270123	-0.3498017472	-0.4448929503	-0.3711794324	-0.4158973148	-0.4429449485	-0.3990225547	-0.4759209762	-0.3769868596	-0.3596903850	-0.4510317633	-0.3993603841	-0.4233571898	-0.4409561764	-0.4224306247	-0.4796439162	-0.4194773281	-0.4166354147	-0.4993745206	-0.4685857559	-0.4833183389	-0.4832948593	-0.4955034851	-0.5639942355	-0.4610021112	-0.4498408119	-0.5698768907	-0.4490541538	-0.5456608011	-0.6451382335	-0.5313844142	-0.6602180133	-0.5625308161	-0.5256878464	-0.6301415004	-0.5548033889	-0.5864877617	-0.7090557219	-0.6500786281	-0.6900924873	-0.7340620381	15	1045	47.0000000000	215	5248.5300000000	0	2017-198	19:29:21.019
0250	0.1280000000	0.0000000000	-0.4513632014	-0.4422872474	-0.4336157059	-0.4158716143	-0.4009408760	-0.3480391926	-0.3561590498	-0.3514523898	-0.3192410503	-0.3224956594	-0.3473358757	-0.3598673559	-0.3897204008	-0.3327733987	-0.3832207138	-0.3528958194	-0.3124631197	-0.3933424076	-0.3253530901	-0.3208288618	-0.3604199500	-0.2726432761	-0.2889584648	-0.2658223387	-0.2196523236	-0.2581053870	-0.2200305725	-0.1941451620	-0.2090946324	-0.2071806400	-0.2332226923	-0.2356789099	-0.2081335996	-0.2367405046	-0.2216412929	-0.2066658883	-0.2071066697	-0.2349397152	-0.2689572049	-0.2730325575	-0.2349725105	-0.2874674822	-0.2509523301	-0.2345696438	-0.2786171707	-0.2676038874	-0.2979992840	-0.2839099851	-0.2489062062	-0.2909472567	-0.2597813735	-0.2226157219	-0.2607204658	-0.2585163037	-0.2507553217	-0.2377692680	-0.2467693383	-0.2619730306	-0.2407178771	-0.2092123589	-0.2436666891	-0.2209672127	-0.2137442900	-0.2184212847	-0.2282807052	-0.2583700986	-0.2293367504	-0.2077021052	-0.2561144348	-0.2227688542	-0.2234869089	-0.2380626761	-0.2406130340	-0.2873146676	-0.2384569986	-0.2581254604	-0.3576302832	-0.3028535634	-0.2784375254	-0.3317306193	-0.3044636837	-0.3568927943	-0.3786400855	-0.3909858201	-0.4530749156	-0.3579010343	-0.3049829829	-0.3401498762	-0.3362936277	-0.3913641206	-0.3655608437	-0.3615549272	-0.4568463789	-0.3841831616	-0.3446842268	-0.4060929364	-0.3784233375	-0.4119836394	-0.4148656695	-0.3686637377	-0.4500333744	-0.3562225313	-0.3552587906	-0.4811139130	-0.4175077610	-0.4187440107	-0.4444464928	-0.4311406734	-0.4899322067	-0.3954616006	-0.3780221796	-0.4633366618	-0.4222288201	-0.4598645481	-0.4682039047	-0.4296842643	-0.5506622323	-0.4340842044	-0.4120110211	-0.5469632269	-0.4042986719	-0.5299743459	-0.6156095973	-0.4740057654	-0.5927440135	-0.5409409664	-0.4810767339	-0.6232368305	-0.4925712132	-0.5733867558	-0.6863053462	-0.6140356114	-0.6687081422	-0.6105807848	-0.5632385492	-0.6836928661	-0.6308641373	15	1052	46.5000000000	216	5250.6200000000	0	2017-198	19:29:23.109
0250	0.1280000000	0.0000000000	-0.5005296994	-0.4333576235	-0.4118824211	-0.3869623128	-0.3985899440	-0.3380476368	-0.3152987217	-0.3642589435	-0.3149276378	-0.2829391220	-0.3462036513	-0.3331361322	-0.3991864116	-0.3459063474	-0.3283665520	-0.4640087405	-0.3448667025	-0.3050988178	-0.3559231791	-0.2968354175	-0.3176666870	-0.2904921400	-0.2465543439	-0.3008258289	-0.2378161120	-0.1964987802	-0.2329966405	-0.2053080222	-0.2145571065	-0.2240022204	-0.2224928109	-0.2390532038	-0.1992131373	-0.1960890929	-0.2417637803	-0.2207101597	-0.2337475121	-0.2490467725	-0.2352919659	-0.2910363589	-0.2308157061	-0.2378751388	-0.3085150578	-0.2601421351	-0.2846106134	-0.2934934379	-0.2694309951	-0.3002992276	-0.2583504397	-0.2306821389	-0.3043458337	-0.2550058547	-0.2459500233	-0.2844194165	-0.2435670371	-0.2543178520	-0.2560654568	-0.2383619072	-0.2729407872	-0.2136436819	-0.2297978531	-0.2591824882	-0.2166089670	-0.2354411251	-0.2134971900	-0.1917124136	-0.2441038162	-0.1864686515	-0.2044807733	-0.2659004520	-0.2212346373	-0.2566651982	-0.2614157517	-0.2360594074	-0.3261892086	-0.2686579335	-0.2725821098	-0.3299532154	-0.2552673032	-0.3297363388	-0.3700200818	-0.3321879586	-0.4435725765	-0.3936211436	-0.3519122928	-0.3760932444	-0.2650822983	-0.3494012078	-0.3722804445	-0.3147271079	-0.4059108679	-0.3533097952	-0.3278544601	-0.4360287658	-0.3276654849	-0.4110010712	-0.4575590645	-0.3721872284	-0.4448929503	-0.3850157532	-0.3362465090	-0.4352929705	-0.3681304859	-0.4252898421	-0.4371146487	-0.3400058431	-0.4602511421	-0.4377615670	-0.3794176787	-0.4449704037	-0.3712936273	-0.4592598482	-0.4579982153	-0.3678283287	-0.5262945981	-0.4786713278	-0.4101184548	-0.5131194986	-0.4438899619	-0.5159977567	-0.5397568879	-0.4402247878	-0.5862100002	-0.5505240409	-0.4111373370	-0.5751040048	-0.5695488614	-0.5721675780	-0.6037890434	-0.5550410214	-0.6900496026	-0.6407856474	-0.4846911003	-0.6608230997	-0.6604167328	-0.7050249368	-0.7384534381	15	1056	46.0000000000	217	5252.7200000000	0	2017-198	19:29:25.199
0250	0.1280000000	0.0000000000	-0.4218633027	-0.4050804812	-0.4838739269	-0.3681084205	-0.3797824878	-0.3735731684	-0.2991696448	-0.4080146689	-0.3084575191	-0.2807415366	-0.4062115444	-0.3540562203	-0.3530396086	-0.4056015687	-0.3367139245	-0.3907214947	-0.3309794527	-0.3232000670	-0.3832179015	-0.3124833159	-0.3305920921	-0.3186745569	-0.2677564044	-0.2916582481	-0.2409750317	-0.1995039805	-0.2488440570	-0.1774008718	-0.2193367713	-0.2515896122	-0.2037155182	-0.2350040511	-0.1950960008	-0.1792678191	-0.2432011008	-0.1918824447	-0.2253746759	-0.2913679443	-0.2489183722	-0.2738509121	-0.2499370061	-0.2328318496	-0.2975104187	-0.2490607222	-0.2563558121	-0.3038492582	-0.2373998834	-0.2968488607	-0.2969859400	-0.2485070329	-0.3119133835	-0.2325819166	-0.2525146644	-0.2844194165	-0.2196060884	-0.2629861580	-0.2738830172	-0.2200823278	-0.2699433072	-0.2143822357	-0.2093595685	-0.2462037154	-0.1865298590	-0.2382777652	-0.2416562665	-0.2036406309	-0.2609804628	-0.2487534490	-0.2073493101	-0.2534727035	-0.2204838801	-0.2496892524	-0.2694167970	-0.2129118706	-0.3168197493	-0.2949891160	-0.2635344318	-0.3187395663	-0.2736103958	-0.3237534971	-0.3408839048	-0.2681799752	-0.4573082957	-0.4199743787	-0.3431698439	-0.3851893494	-0.2944828027	-0.3432336534	-0.3595792151	-0.3269446027	-0.4139808728	-0.3886460751	-0.3123276551	-0.4191488016	-0.4139748189	-0.3962766668	-0.4118087223	-0.3659690392	-0.4549020439	-0.3887892953	-0.2919960613	-0.4301916519	-0.4118942500	-0.4317810132	-0.4514930331	-0.3649395961	-0.4602511421	-0.4165747074	-0.3368096679	-0.4529988583	-0.4237763352	-0.4144148984	-0.4827616428	-0.4821763588	-0.5078755977	-0.4628225719	-0.4189024409	-0.4847860912	-0.4742508579	-0.4385840813	-0.5318814102	-0.5139476391	-0.5960098659	-0.5022842585	-0.4178635102	-0.5751040048	-0.5140369383	-0.5351863951	-0.6199335672	-0.5898979167	-0.6638398079	-0.5930177260	-0.5160131499	-0.6527843293	-0.6335376607	-0.6516947600	-0.7669975384	15	1049	48.5000000000	218	5254.7600000000	0	2017-198	19:29:27.243
0250	0.1280000000	0.0000000000	-0.4366132521	-0.5062828852	-0.4268240544	-0.3505114544	-0.3938880799	-0.3513697112	-0.3174492653	-0.3567884538	-0.3300245815	-0.3785340875	-0.3529969977	-0.2971070915	-0.3932701549	-0.3626210094	-0.3581785965	-0.4025420182	-0.3633830355	-0.4148376410	-0.3373627680	-0.2801443258	-0.3415289734	-0.2820374150	-0.2695232428	-0.2766567523	-0.2338674623	-0.2768878891	-0.2293949550	-0.1871683744	-0.2316273381	-0.2024705975	-0.2037155182	-0.2363537687	-0.2095059785	-0.2339369589	-0.2266719148	-0.2162751266	-0.2314640113	-0.2427769693	-0.2344904126	-0.2705774937	-0.2649015017	-0.2723376147	-0.2594174371	-0.2584373023	-0.2914602622	-0.2572480672	-0.2780880524	-0.2856351685	-0.2660775397	-0.2790639940	-0.2572588569	-0.2284293355	-0.2845172899	-0.2528499978	-0.2435670371	-0.2653502414	-0.2514173976	-0.2482633461	-0.2444647271	-0.2254605432	-0.2203086496	-0.2166409551	-0.2244868286	-0.2283495249	-0.2156091208	-0.2239887664	-0.2194920399	-0.2119487959	-0.2374689459	-0.2271551184	-0.2317452383	-0.2628660389	-0.2382127204	-0.2625137352	-0.2640100695	-0.2405713387	-0.3160109643	-0.2879020312	-0.2890572106	-0.3247506374	-0.3044636837	-0.3580157414	-0.4298368572	-0.3857151730	-0.4280964902	-0.3522159686	-0.3091830549	-0.2969769954	-0.3310014488	-0.4146884287	-0.3724779907	-0.3698000592	-0.4317646169	-0.4046802609	-0.3604873443	-0.3827792962	-0.3858423119	-0.4393436720	-0.4211213530	-0.3535695695	-0.4550905685	-0.3932070916	-0.3539716211	-0.4110092658	-0.3952866215	-0.4397408554	-0.4312759518	-0.4112779926	-0.5312087171	-0.4342657976	-0.3928249946	-0.4429525937	-0.4194773281	-0.4640480126	-0.4341995963	-0.4325658562	-0.5711581998	-0.4504877560	-0.4241553795	-0.5268356713	-0.4594270156	-0.5460010528	-0.5404772936	-0.4723423246	-0.6146040764	-0.5084860799	-0.4637292580	-0.5721675780	-0.5535616362	-0.6247548121	-0.6170366031	-0.5624462563	-0.6902420513	-0.5161252328	-0.5797795166	-0.7476890782	-0.7011265379	15	1054	46.0000000000	219	5256.8200000000	0	2017-198	19:29:29.302
0250	0.1280000000	0.0000000000	-0.4956130496	-0.4943767200	-0.4390490271	-0.3781638297	-0.4091691380	-0.3291662539	-0.2916427423	-0.3407802616	-0.3149276378	-0.3554594407	-0.3892281784	-0.3552184474	-0.3991864116	-0.3781417669	-0.3164417343	-0.3658983953	-0.3448667025	-0.3514832688	-0.3351791902	-0.3156128956	-0.3643969978	-0.2914315539	-0.2430206672	-0.2791570016	-0.2283393528	-0.2160325824	-0.2265136065	-0.2157732036	-0.2418694770	-0.2085263664	-0.1943268719	-0.2404029214	-0.2095059785	-0.2115085939	-0.2345771776	-0.2170142988	-0.2535378521	-0.2176977564	-0.2136500266	-0.3033116780	-0.2632387800	-0.2412373316	-0.2788871833	-0.2601421351	-0.3000223232	-0.2546591121	-0.2668338780	-0.3270395706	-0.2626432730	-0.2408677926	-0.2816431842	-0.2475312087	-0.2705674275	-0.2617541928	-0.2379761490	-0.2905671314	-0.2529667507	-0.2063726433	-0.2594521272	-0.2269376508	-0.2422068117	-0.2368301573	-0.2144604593	-0.2609708856	-0.1930818596	-0.1931157333	-0.2574644947	-0.2126565777	-0.2281462015	-0.2432380871	-0.2234869089	-0.2698419847	-0.2350123023	-0.2319259187	-0.3023396758	-0.2765572882	-0.2952013049	-0.3150016833	-0.2851955069	-0.3506762844	-0.3003013727	-0.2996224933	-0.4298368572	-0.3554089526	-0.4231008052	-0.3965594807	-0.3196832351	-0.3925740885	-0.3489948572	-0.3013989318	-0.3886180004	-0.3203292672	-0.3899616803	-0.4553201534	-0.3653498420	-0.4392228461	-0.4019167564	-0.3323908174	-0.4186190796	-0.3497960274	-0.4007257327	-0.4620748935	-0.4041712328	-0.4603421657	-0.4044365025	-0.3544411738	-0.4194224648	-0.3768493459	-0.4619706996	-0.4851126765	-0.3484165494	-0.4945922328	-0.4745071670	-0.3608558878	-0.4653702123	-0.4210394884	-0.4598943760	-0.5056633388	-0.4044207971	-0.5361253123	-0.5334565057	-0.4626621774	-0.5339440498	-0.5089380216	-0.5439792578	-0.5887692202	-0.5175064335	-0.6690230569	-0.6145520593	-0.5440335808	-0.6357578850	-0.5739105574	-0.6236826957	-0.6889587960	-0.5715090329	-0.7668879418	-0.7450405382	15	1054	47.5000000000	220	5258.9100000000	0	2017-198	19:29:31.408
0250	0.1280000000	0.0000000000	-0.5415017811	-0.4497286006	-0.4349740362	-0.3844484605	-0.3268865175	-0.3746833413	-0.3185245371	-0.3066294515	-0.3278678753	-0.3224956594	-0.3937570760	-0.3982208508	-0.3352908382	-0.4211223262	-0.3772583049	-0.3280727200	-0.3494957857	-0.3435639723	-0.3515560236	-0.3510814654	-0.2928101387	-0.3027045207	-0.2712900811	-0.2274851827	-0.2212317835	-0.2325611842	-0.2474033828	-0.2136801674	-0.2090946324	-0.2307308525	-0.2057273710	-0.1830399244	-0.2273469031	-0.2157139123	-0.2295465558	-0.2347544310	-0.2398368475	-0.2937191205	-0.2537276920	-0.2255679903	-0.2765405539	-0.2538455545	-0.2467197766	-0.2678138825	-0.2554996060	-0.3029862731	-0.2954021668	-0.2588948255	-0.3047130401	-0.2756687761	-0.2488504682	-0.2624805007	-0.2516940843	-0.2747057492	-0.2451644336	-0.2196446283	-0.2831791357	-0.2360769598	-0.2234823671	-0.2586954655	-0.2166589559	-0.2490878872	-0.2123119515	-0.1999831243	-0.2838948812	-0.2190771475	-0.1836291659	-0.2317666860	-0.2080664443	-0.2286172065	-0.2332467527	-0.2326369405	-0.3134225460	-0.2674739217	-0.2359016915	-0.2967445282	-0.2762011810	-0.3178050956	-0.3122274327	-0.2958335696	-0.4012374142	-0.3041142816	-0.3386816295	-0.4739985107	-0.3681482693	-0.3681341524	-0.3595839197	-0.3216472130	-0.3892154171	-0.3225018773	-0.3125293833	-0.4428283711	-0.3732405056	-0.3974459906	-0.4139748189	-0.3619197234	-0.4501400901	-0.3796490555	-0.3422997409	-0.4353296472	-0.3792326582	-0.4199890145	-0.4427863187	-0.3876410501	-0.4933210603	-0.3780626241	-0.3522527055	-0.4682176775	-0.3661026753	-0.4396181007	-0.4924075686	-0.3953897682	-0.4937676105	-0.4333692728	-0.3860268262	-0.4901976956	-0.3998704710	-0.4788211634	-0.5698876804	-0.4633564575	-0.5381817923	-0.4674701894	-0.4392120146	-0.5438702778	-0.4548574628	-0.5648550933	-0.6146522989	-0.5246203429	-0.6683671384	-0.5843941964	-0.4766269886	-0.6407856474	-0.5590809683	-0.6186195552	-0.7534596745	-0.6004977903	-0.7999330386	15	1048	46.0000000000	221	5260.9500000000	0	2017-198	19:29:33.436
0250	0.1280000000	0.0000000000	-0.5677239133	-0.4765174723	-0.3548325486	-0.4133577620	-0.3492203716	-0.3324967725	-0.3454063318	-0.3044950259	-0.3494349377	-0.3235944522	-0.2839313093	-0.3831118982	-0.3707883790	-0.3471002518	-0.3796432684	-0.3304368247	-0.3818993685	-0.3367760039	-0.2674882788	-0.3667293639	-0.3256207825	-0.2660673788	-0.2827745305	-0.2274851827	-0.2583490902	-0.2400741850	-0.1926577623	-0.2422849966	-0.2227508176	-0.1647902574	-0.2291989868	-0.2221817341	-0.2143093043	-0.2381422774	-0.2029561261	-0.2650604903	-0.2451650159	-0.1886999165	-0.2577354586	-0.2615755930	-0.2740464713	-0.2698159701	-0.2382546696	-0.3104347014	-0.2674864914	-0.2106468762	-0.3031935183	-0.2770092514	-0.2815317399	-0.3062257373	-0.2488504682	-0.2957011498	-0.2689262672	-0.2059006058	-0.2611383994	-0.2464375739	-0.2088101879	-0.2551181883	-0.2572040172	-0.2520484810	-0.2414768729	-0.1935675811	-0.2438233980	-0.2233854048	-0.2092733285	-0.2408286026	-0.2412910417	-0.2629090848	-0.2331661408	-0.1971823132	-0.2535171975	-0.2318618354	-0.2422132431	-0.2864879698	-0.2674171456	-0.2932337039	-0.2933917693	-0.2579989669	-0.3373285068	-0.3287391985	-0.3138288834	-0.4029336245	-0.4335829625	-0.4186567169	-0.4081137499	-0.3579010343	-0.3585339017	-0.3144517329	-0.3024236825	-0.3802573071	-0.3597965545	-0.3827566951	-0.3756292449	-0.3926231437	-0.4285623120	-0.3717359929	-0.3833693204	-0.4306382071	-0.3760804318	-0.4038834635	-0.3981971357	-0.3689758279	-0.4505093359	-0.4200969053	-0.3900581181	-0.4568007917	-0.4286418435	-0.4404099244	-0.4766172033	-0.3994758279	-0.4331963084	-0.4415936558	-0.4318590419	-0.4779928943	-0.4228648269	-0.4628225719	-0.4598943760	-0.4355754363	-0.5167561123	-0.4819357396	-0.4625772067	-0.5812598077	-0.4865780322	-0.5605046855	-0.5742470372	-0.4760311934	-0.5799573469	-0.5686455606	-0.5212725888	-0.6412659731	-0.5870825520	-0.6159463282	-0.6589200016	-0.5904838588	-0.6997015304	-0.6815596590	-0.6374512374	15	1049	49.0000000000	222	5263.0300000000	0	2017-198	19:29:35.527
0250	0.1280000000	0.0000000000	-0.5726405631	-0.3946625867	-0.4580656512	-0.4472947681	-0.3327638475	-0.3935562800	-0.3217503524	-0.2916884721	-0.3731587064	-0.2774451585	-0.3699803637	-0.4319254372	-0.3352908382	-0.4294796572	-0.3593710782	-0.3127060394	-0.3853711809	-0.3232000670	-0.3559231791	-0.3552542383	-0.3057355438	-0.3224322124	-0.2580387933	-0.2291520156	-0.2575593602	-0.2182864826	-0.2322763034	-0.2374012453	-0.1776854062	-0.2394780743	-0.2278577516	-0.1796656305	-0.2232297667	-0.1981917522	-0.2130173698	-0.2532337355	-0.1827493281	-0.2553165757	-0.2665525449	-0.2239312811	-0.2723837495	-0.2538455545	-0.2484127980	-0.2908291247	-0.2546433999	-0.2814116477	-0.2910736382	-0.2226659737	-0.2926931067	-0.2824592119	-0.2572588569	-0.2832434064	-0.2295384205	-0.2819909997	-0.2515540200	-0.1904875992	-0.2808551061	-0.2505482935	-0.2302266971	-0.2660810038	-0.2137392009	-0.2498089301	-0.2359455364	-0.1829632840	-0.2599596662	-0.2204804671	-0.1990994253	-0.2459223218	-0.2109349810	-0.2461622632	-0.2610247696	-0.2225605743	-0.2942200373	-0.2666472240	-0.2146074658	-0.2993776465	-0.3051537507	-0.3168706248	-0.3160891364	-0.2768879045	-0.3783447037	-0.3254502761	-0.3236972085	-0.4595042314	-0.3956245372	-0.3931484413	-0.3469837035	-0.2877256638	-0.3881569813	-0.3524902736	-0.2790965061	-0.3933575791	-0.3827954626	-0.3962402788	-0.4078966968	-0.3680548919	-0.4278831669	-0.3871108825	-0.3372951941	-0.4302982578	-0.3944042402	-0.4021343992	-0.4350633015	-0.4110092658	-0.4776355501	-0.3964348632	-0.3575209219	-0.4337890308	-0.4033846847	-0.4101804339	-0.4560733862	-0.4252864014	-0.4910161186	-0.4514976190	-0.3902773647	-0.5046056555	-0.4540383852	-0.4579439158	-0.5364906948	-0.4819357396	-0.5397568879	-0.4963182617	-0.4571784351	-0.5621681263	-0.5187561083	-0.5494817260	-0.6077133085	-0.5404694213	-0.6002013715	-0.5752213292	-0.5571285009	-0.6522499485	-0.5786572493	-0.6266583256	-0.6997015304	-0.6431619317	-0.7867588385	15	1054	46.0000000000	223	5265.1200000000	0	2017-198	19:29:37.617
0250	0.1280000000	0.0000000000	-0.4890575166	-0.4199631877	-0.4295407150	-0.3605668636	-0.3750806238	-0.3213950439	-0.3066965473	-0.4165523715	-0.3429648190	-0.2631608533	-0.3473358757	-0.3401094949	-0.3577726141	-0.3841112890	-0.3689109324	-0.4250010129	-0.3575966814	-0.3232000670	-0.3526478125	-0.3145697024	-0.3136896393	-0.2980074512	-0.2659895660	-0.2941584974	-0.2157036740	-0.2040117810	-0.2510050683	-0.1934474833	-0.2247992454	-0.2260208100	-0.2131041645	-0.2424274977	-0.2019578949	-0.1967899793	-0.2489503829	-0.2303193980	-0.2223300082	-0.2592352027	-0.2360935192	-0.2795793944	-0.2466115626	-0.2311507532	-0.2890453117	-0.2379793093	-0.2400878962	-0.2796856776	-0.2685652894	-0.2890855353	-0.2660775397	-0.2519022508	-0.3026641559	-0.2176326245	-0.2598998857	-0.2981804452	-0.2387748473	-0.2519537686	-0.2506427210	-0.2094192398	-0.2744395272	-0.2106894666	-0.2078996911	-0.2526931018	-0.2130281208	-0.2269312049	-0.2310966128	-0.2043422908	-0.2469165906	-0.2176110502	-0.2008951024	-0.2563968796	-0.2092225219	-0.2644162490	-0.2838186785	-0.2501132691	-0.3083020590	-0.2642694030	-0.2698678064	-0.3159361540	-0.2562327291	-0.3377134609	-0.3762635483	-0.2996224933	-0.4598056992	-0.4054800994	-0.3469166077	-0.3897374019	-0.2965828387	-0.3535129107	-0.3754557519	-0.3402727788	-0.4185923041	-0.3792230671	-0.3457700044	-0.4239716485	-0.3458998513	-0.3999577679	-0.4427211157	-0.3224417147	-0.4649111375	-0.4340717999	-0.3640610761	-0.4518722562	-0.3861508593	-0.4525527605	-0.4632571657	-0.3373812375	-0.4800069536	-0.4483549967	-0.3953956827	-0.4610273128	-0.4089735201	-0.4551830346	-0.4676284371	-0.3859566749	-0.4993745206	-0.4801121237	-0.4101184548	-0.4788211634	-0.4742508579	-0.5175460302	-0.5224308370	-0.4562514946	-0.5911099331	-0.5139283439	-0.4195450535	-0.5887692202	-0.5868963373	-0.6038657347	-0.5948198636	-0.5330261401	-0.7106430127	-0.6407856474	-0.5238436624	-0.7170944923	-0.7203777397	-0.7220905933	-0.7296706381	15	1059	47.5000000000	224	5267.2200000000	0	2017-198	19:29:39.708
0250	0.1280000000	0.0000000000	-0.5152796488	-0.4497286006	-0.4512739997	-0.3379421929	-0.3245355855	-0.3891155885	-0.3163739935	-0.3279737078	-0.3526699971	-0.3049149761	-0.3994181980	-0.3424339491	-0.3151755651	-0.4079893775	-0.3701034142	-0.3528958194	-0.3981011599	-0.3367760039	-0.3723000125	-0.3072673498	-0.2699421143	-0.3233716263	-0.2456709247	-0.2491540100	-0.2701950391	-0.2242968833	-0.2365983261	-0.2255407063	-0.2036321583	-0.2408238008	-0.1835969904	-0.1945125238	-0.2410706913	-0.2087050483	-0.2345771776	-0.2369719476	-0.2055843358	-0.2874493172	-0.2184593464	-0.2132926712	-0.2915050495	-0.2530050063	-0.2695755655	-0.2976484557	-0.2546433999	-0.3159310484	-0.2754909352	-0.2381926244	-0.2884002733	-0.2374725747	-0.2765981509	-0.2824128902	-0.2467706035	-0.2811815274	-0.2339826576	-0.2117643501	-0.2583894864	-0.2025643975	-0.2482115771	-0.2675581114	-0.2217685270	-0.2620666600	-0.2180413055	-0.1886365641	-0.2402483127	-0.1889057743	-0.2194920399	-0.2544157033	-0.2109349810	-0.2563968796	-0.2422558393	-0.2062833675	-0.2718171106	-0.2509399668	-0.2733795288	-0.3011330586	-0.2526772182	-0.3121982710	-0.3209162661	-0.2748936239	-0.3429650603	-0.3276961703	-0.4073602257	-0.4529159226	-0.3481655290	-0.4033815595	-0.3553838476	-0.2887535896	-0.3648713940	-0.3258339213	-0.3401979713	-0.4216266031	-0.3481587436	-0.4384401893	-0.4127591945	-0.3545575212	-0.4427211157	-0.3920854339	-0.3910940722	-0.4479081207	-0.3944042402	-0.4327423112	-0.4350633015	-0.3318169792	-0.4410360263	-0.4410531582	-0.4128371943	-0.4298164946	-0.4073791858	-0.4449704037	-0.4237763352	-0.3220071232	-0.4442407556	-0.4236078556	-0.4285322116	-0.4974016756	-0.4071904594	-0.4952247150	-0.4970215299	-0.4231013463	-0.5523576521	-0.5443983821	-0.4473785694	-0.5804659748	-0.5826547537	-0.5802284606	-0.5660793662	-0.5070102558	-0.6145520593	-0.5788904761	-0.5047089115	-0.6312320631	-0.6726233984	-0.6990072590	-0.6438757654	-0.6175634469	-0.7955416386	15	1056	47.5000000000	225	5269.2600000000	0	2017-198	19:29:41.751
0250	0.1280000000	0.0000000000	-0.4595576178	-0.5286069449	-0.4241073938	-0.3065190391	-0.3774315558	-0.3680223041	-0.3464816036	-0.3557212410	-0.3009090472	-0.3807316729	-0.3439392025	-0.2912959559	-0.4051026684	-0.3781417669	-0.3927605680	-0.3907214947	-0.3032049532	-0.4046556883	-0.3395463457	-0.2592804612	-0.3375519256	-0.2867344845	-0.2456709247	-0.2849909167	-0.2488723310	-0.2581053870	-0.2200305725	-0.1780985505	-0.2077290138	-0.1957419653	-0.1762201969	-0.2336543335	-0.2239159561	-0.2500573463	-0.2259532545	-0.1926216169	-0.2603883544	-0.2443444201	-0.2312841994	-0.2812161036	-0.2599133365	-0.2799025485	-0.2644965013	-0.2362744765	-0.2803295829	-0.2581110522	-0.2746252295	-0.2985740441	-0.2798146065	-0.2654831224	-0.2765981509	-0.2442091438	-0.2738497480	-0.2471836919	-0.2451644336	-0.2606220745	-0.2397972495	-0.2452167495	-0.2264798471	-0.2239834355	-0.2546157702	-0.2144778263	-0.2244868286	-0.2482060054	-0.2226488899	-0.2303037049	-0.2201952335	-0.2034554144	-0.2360346775	-0.2198446781	-0.2385020532	-0.2620909338	-0.2430133476	-0.2592069443	-0.2648618385	-0.2581254604	-0.2897726981	-0.2748194406	-0.2958151920	-0.3357191804	-0.3075854169	-0.3467862706	-0.3936245065	-0.3949388053	-0.4068648287	-0.3442568767	-0.3301834152	-0.3535129107	-0.3151249119	-0.3602650430	-0.3817008534	-0.3497761672	-0.4269871384	-0.4010631257	-0.3665654664	-0.4060929364	-0.3821328247	-0.3995472610	-0.4073588493	-0.3623745009	-0.4348617924	-0.4059603882	-0.3629818078	-0.4006233922	-0.4057436283	-0.4607377001	-0.4260077353	-0.3940636692	-0.4859377057	-0.4155327370	-0.3887878632	-0.4443115316	-0.4125985983	-0.4961212405	-0.4922902897	-0.4498554081	-0.5345582578	-0.4579439158	-0.4408538723	-0.4912253806	-0.4893538308	-0.5363850287	-0.4882113431	-0.5155917847	-0.6431903125	-0.5580224856	-0.4966894623	-0.5774506041	-0.5535616362	-0.6082436511	-0.5571285009	-0.5777319911	-0.7607166631	-0.6346970959	-0.5859823794	-0.7028917297	-0.6791695377	15	1051	47.5000000000	226	5271.3300000000	0	2017-198	19:29:43.826
0250	0.1280000000	0.0000000000	-0.5710016799	-0.5047946146	-0.4213907332	-0.4133577620	-0.3633259637	-0.3180645253	-0.3174492653	-0.3247720694	-0.3451215252	-0.3389775501	-0.3575258953	-0.4040319864	-0.3565893627	-0.3459063474	-0.3891831227	-0.3552599241	-0.3529675982	-0.3616652215	-0.3220777234	-0.3667293639	-0.3017584961	-0.2623097232	-0.2960258183	-0.2749899195	-0.2204420535	-0.2310585840	-0.2128272014	-0.2353082090	-0.2227508176	-0.1997791446	-0.2318814572	-0.2154331462	-0.1971545691	-0.2129103667	-0.2158920108	-0.2576687685	-0.2314640113	-0.2271024612	-0.2753696313	-0.2443901463	-0.2233334583	-0.2723376147	-0.2475662873	-0.2959436230	-0.2674864914	-0.2477552320	-0.3421502759	-0.2632077840	-0.2283006060	-0.2773663851	-0.2614630512	-0.2749382441	-0.2541558247	-0.2504215810	-0.3090602969	-0.2306770176	-0.2111342175	-0.2383619072	-0.2152392971	-0.2431858351	-0.2356373630	-0.2216882556	-0.2753348445	-0.2127480046	-0.2120892362	-0.2289003853	-0.2061313614	-0.2225655228	-0.2374689459	-0.2139963259	-0.2640277985	-0.1962070014	-0.2094089575	-0.3046753202	-0.2699724527	-0.2800681126	-0.3060585185	-0.2850986189	-0.3469827660	-0.2978278501	-0.2982202172	-0.3849664712	-0.3836348925	-0.4489629373	-0.4093626712	-0.3397088242	-0.3889844241	-0.2959490697	-0.3013652467	-0.4069136593	-0.3355865400	-0.4051363391	-0.4257927688	-0.3636860622	-0.4382873074	-0.3840063299	-0.3438014569	-0.4219327422	-0.3297883739	-0.3850157532	-0.4639406580	-0.3970330806	-0.4505093359	-0.3889392843	-0.3717583562	-0.4384285526	-0.3403992186	-0.4284923159	-0.4965897084	-0.4101804339	-0.5099018046	-0.4375168422	-0.3671989813	-0.4933322642	-0.4058626727	-0.4599409800	-0.5316302624	-0.3863647814	-0.5395267844	-0.5500597739	-0.4074488630	-0.5267690046	-0.4784114774	-0.5189186662	-0.5540685176	-0.4606578261	-0.6146522989	-0.6073877521	-0.5140972449	-0.6064090777	-0.5365350908	-0.6159463282	-0.6784962827	-0.5402415440	-0.7824063675	-0.7135577651	-0.5803630370	15	1048	48.5000000000	227	5273.4300000000	0	2017-198	19:29:46.041
0250	0.1280000000	0.0000000000	-0.5415017811	-0.4229397290	-0.3915074666	-0.4246700973	-0.3374657116	-0.3291662539	-0.3454063318	-0.3258392822	-0.3785504720	-0.2928282564	-0.3224269389	-0.4261143016	-0.3435735978	-0.3447124430	-0.3903756044	-0.3588060811	-0.3784275561	-0.3390386600	-0.3122516234	-0.3834204555	-0.3117011154	-0.2435214454	-0.2774740154	-0.2491540100	-0.2488723310	-0.2235455832	-0.2128272014	-0.2415873178	-0.1756369784	-0.1903590596	-0.2426113387	-0.1992365353	-0.2273469031	-0.2290307541	-0.2115800492	-0.2768872452	-0.2101513374	-0.2169140310	-0.2897975909	-0.2452085009	-0.2665642235	-0.2883080304	-0.2492593087	-0.3112871178	-0.2614930487	-0.2330844866	-0.3092534584	-0.2692459260	-0.2712289398	-0.2824592119	-0.2547363403	-0.2873959875	-0.2574381453	-0.2374700246	-0.2755149687	-0.2062481554	-0.2452199853	-0.2695895220	-0.2242317371	-0.2675581114	-0.2239583433	-0.1993359246	-0.2359455364	-0.1857999240	-0.2296886590	-0.2639833773	-0.2012090061	-0.2558312669	-0.2152377861	-0.1942581371	-0.2557694691	-0.1962070014	-0.2550149155	-0.3079821112	-0.2657136075	-0.3186871804	-0.3024394473	-0.2692126160	-0.3334668031	-0.2938392890	-0.3450462158	-0.3849664712	-0.3661530680	-0.4819044813	-0.3781396395	-0.2965023252	-0.3574838837	-0.2928652925	-0.3542870361	-0.4046922967	-0.2940836579	-0.4451841231	-0.4210152903	-0.3154575932	-0.3981717014	-0.3643737908	-0.3759503460	-0.4281509314	-0.3285372372	-0.4365874946	-0.4146330163	-0.3574978610	-0.4144685890	-0.3928339870	-0.4331932712	-0.4568007917	-0.3733255712	-0.4814594647	-0.4340091925	-0.3486289490	-0.4601105176	-0.4089791469	-0.4524952314	-0.4905432878	-0.3973615956	-0.5363031672	-0.5008863111	-0.3401365905	-0.5425628740	-0.5113529362	-0.5271561236	-0.5379876993	-0.4686116117	-0.6054175864	-0.5271638248	-0.4282029397	-0.6025090657	-0.5827336302	-0.5930260276	-0.6064090777	-0.5458957318	-0.7133928878	-0.6236826957	-0.5281833884	-0.7245129815	-0.6943589014	-0.7011265379	15	1043	46.5000000000	228	5275.6300000000	0	2017-198	19:29:48.116
0250	0.1280000000	0.0000000000	-0.5169185321	-0.4824705549	-0.3887908060	-0.4259270235	-0.3703787598	-0.2736576107	-0.3604601369	-0.3301081335	-0.3332596409	-0.3609534042	-0.3360136317	-0.3924097152	-0.3518563573	-0.2897928394	-0.4011079404	-0.3623522382	-0.2985758699	-0.3865544392	-0.3450052902	-0.3364767602	-0.3236322586	-0.2547944121	-0.3101605253	-0.2641555058	-0.1935912360	-0.2490897860	-0.2315559663	-0.2311221364	-0.2193367713	-0.1903590596	-0.2379170155	-0.2093594171	-0.1724517503	-0.2381422774	-0.2216412929	-0.2421461528	-0.2542990190	-0.2239675596	-0.2865913777	-0.2435717917	-0.2141884887	-0.2815836448	-0.2721150976	-0.2499131386	-0.2991661171	-0.2676038874	-0.3031935183	-0.2778718431	-0.2265834727	-0.2773663851	-0.2715531177	-0.2367344977	-0.2877996104	-0.2714678601	-0.2819045550	-0.2409213792	-0.2103595410	-0.2535948901	-0.2204848871	-0.2195521125	-0.2480463216	-0.2209672127	-0.2488365827	-0.2205487648	-0.1853381135	-0.2211821270	-0.2187888463	-0.2069943234	-0.2424888852	-0.2271551184	-0.2385020532	-0.2419382015	-0.2494141838	-0.2567268510	-0.2665653765	-0.2730464639	-0.3142014287	-0.2888365020	-0.3093311550	-0.3048078320	-0.3075854169	-0.3636304767	-0.3674017697	-0.4357863198	-0.4280964902	-0.3488049292	-0.3469837035	-0.3360381733	-0.3055989899	-0.3758145818	-0.3229051038	-0.3450646632	-0.4090715942	-0.3853888733	-0.3823685839	-0.3925955658	-0.3660583801	-0.3547762986	-0.3948474823	-0.4340717999	-0.4158973148	-0.3970330806	-0.4144685890	-0.4213951395	-0.3521514684	-0.3924979548	-0.4036178156	-0.4615967839	-0.4792802040	-0.4101804339	-0.4358877293	-0.4375168422	-0.3740777111	-0.4417362018	-0.4384501349	-0.4469738161	-0.4891743296	-0.4475052921	-0.5213102468	-0.4896771071	-0.4830534486	-0.5652331009	-0.5127110074	-0.4823229692	-0.4800806123	-0.5272757510	-0.6319997748	-0.5651235432	-0.5158910808	-0.6210856652	-0.5702333983	-0.5891962923	-0.6099792990	-0.6346970959	-0.7575949164	-0.7114245580	-0.6374512374	15	1051	46.5000000000	229	5277.6600000000	0	2017-198	19:29:50.222
0250	0.1280000000	0.0000000000	-0.5775572129	-0.4318693529	-0.4539906603	-0.3794207559	-0.3257110515	-0.4024376629	-0.3077718191	-0.2959573234	-0.3461998784	-0.2686548168	-0.3767737101	-0.4017075321	-0.3222750733	-0.4270918483	-0.3498312240	-0.3174342488	-0.3865284517	-0.2971795213	-0.3537396013	-0.3562974316	-0.2828675194	-0.3318263514	-0.2562719550	-0.2158173526	-0.2646669296	-0.2130273820	-0.2459627086	-0.2478664267	-0.2213851991	-0.2361137583	-0.2211515757	-0.1891136535	-0.2225435773	-0.2080041619	-0.2410451200	-0.2598862851	-0.2101513374	-0.2835306902	-0.2769727380	-0.2288414088	-0.2698896669	-0.2353534942	-0.2661895227	-0.2933863738	-0.2221075682	-0.3038492582	-0.3075220470	-0.2312918908	-0.2875417066	-0.2502046418	-0.2496913070	-0.2873959875	-0.2344619014	-0.2682299710	-0.2643331926	-0.2023080164	-0.2700096345	-0.2513099426	-0.2309760671	-0.2601725731	-0.2276080369	-0.2620666600	-0.2459719057	-0.1808358039	-0.2402483127	-0.2092539097	-0.2152728783	-0.2388445039	-0.1973094315	-0.2476243513	-0.2415050821	-0.1791546894	-0.2742174241	-0.2749142014	-0.2708242217	-0.3160540621	-0.2906774659	-0.3121982710	-0.3054694513	-0.2569450991	-0.3388027493	-0.3434174294	-0.3686504715	-0.4344686580	-0.3868820884	-0.3863263625	-0.3280833792	-0.2764184808	-0.3712220087	-0.3491582295	-0.3321279665	-0.4204487271	-0.4138490726	-0.4444687479	-0.4078966968	-0.3349249821	-0.4377751328	-0.3945727096	-0.3498065611	-0.4340717999	-0.4196902103	-0.4340176409	-0.4015968937	-0.3616763660	-0.4462645297	-0.4016840744	-0.3772767335	-0.4536517116	-0.4566446982	-0.5025076614	-0.4493448339	-0.3858772031	-0.4621254532	-0.4110574620	-0.4370332887	-0.5002832675	-0.4686783621	-0.4683825396	-0.4924673955	-0.4478737224	-0.5350316013	-0.5043316151	-0.5012778308	-0.5654950079	-0.5204376516	-0.5511898779	-0.5435276474	-0.5316643777	-0.5948198636	-0.5605447417	-0.5702333983	-0.6197677620	-0.6021487866	-0.6427358663	-0.6542138700	-0.6367623105	-0.7384534381	15	1043	48.0000000000	230	5279.7600000000	0	2017-198	19:29:52.266
