SN	INTTIME(LT)	SAMPLE(DELAY)	LT(348.18)	LT(351.52)	LT(354.85)	LT(358.19)	LT(361.52)	LT(364.86)	LT(368.20)	LT(371.54)	LT(374.88)	LT(378.22)	LT(381.56)	LT(384.90)	LT(388.24)	LT(391.58)	LT(394.92)	LT(398.27)	LT(401.61)	LT(404.95)	LT(408.30)	LT(411.64)	LT(414.99)	LT(418.34)	LT(421.68)	LT(425.03)	LT(428.38)	LT(431.72)	LT(435.07)	LT(438.42)	LT(441.77)	LT(445.12)	LT(448.47)	LT(451.82)	LT(455.17)	LT(458.52)	LT(461.87)	LT(465.22)	LT(468.58)	LT(471.93)	LT(475.28)	LT(478.63)	LT(481.99)	LT(485.34)	LT(488.69)	LT(492.05)	LT(495.40)	LT(498.76)	LT(502.11)	LT(505.47)	LT(508.82)	LT(512.17)	LT(515.53)	LT(518.88)	LT(522.24)	LT(525.60)	LT(528.95)	LT(532.31)	LT(535.66)	LT(539.02)	LT(542.37)	LT(545.73)	LT(549.09)	LT(552.44)	LT(555.80)	LT(559.15)	LT(562.51)	LT(565.87)	LT(569.22)	LT(572.58)	LT(575.93)	LT(579.29)	LT(582.64)	LT(586.00)	LT(589.35)	LT(592.71)	LT(596.06)	LT(599.42)	LT(602.77)	LT(606.13)	LT(609.48)	LT(612.84)	LT(616.19)	LT(619.55)	LT(622.90)	LT(626.25)	LT(629.61)	LT(632.96)	LT(636.31)	LT(639.67)	LT(643.02)	LT(646.37)	LT(649.72)	LT(653.07)	LT(656.42)	LT(659.77)	LT(663.12)	LT(666.47)	LT(669.82)	LT(673.17)	LT(676.52)	LT(679.87)	LT(683.22)	LT(686.56)	LT(689.91)	LT(693.26)	LT(696.60)	LT(699.95)	LT(703.30)	LT(706.64)	LT(709.98)	LT(713.33)	LT(716.67)	LT(720.01)	LT(723.35)	LT(726.70)	LT(730.04)	LT(733.38)	LT(736.72)	LT(740.06)	LT(743.39)	LT(746.73)	LT(750.07)	LT(753.41)	LT(756.74)	LT(760.08)	LT(763.41)	LT(766.74)	LT(770.08)	LT(773.41)	LT(776.74)	LT(780.07)	LT(783.40)	LT(786.73)	LT(790.06)	LT(793.39)	LT(796.71)	LT(800.04)	LT(803.36)	DARK_SAMP(LT)	DARK_AVE(LT)	TEMP(PCB)	FRAME(COUNTER)	TIMER	CHECK(SUM)	DATETAG	TIMETAG2
0251	1.0240000000	0.0000000000	0.3429402781	0.3528431595	0.3367285795	0.3305704314	0.3470403507	0.3777259680	0.3917404173	0.3926648284	0.3994921006	0.4019484804	0.4000113921	0.3892565891	0.4132093817	0.4242631175	0.4393984602	0.5142516937	0.5872190092	0.6094082164	0.6164196176	0.6339269222	0.6437083381	0.6462834702	0.6487047462	0.6364073604	0.6214792488	0.6403562700	0.6885030894	0.7364706259	0.7811421910	0.8350123161	0.8888825420	0.9295850436	0.9554490764	0.9863820544	1.0102176086	1.0226532126	1.0405560818	1.0669917561	1.1058718562	1.1409752946	1.1450201451	1.1317691987	1.1466097600	1.1841705996	1.2117150583	1.2248354308	1.2236670735	1.2447254976	1.2728952069	1.2637429446	1.2445066100	1.2546387275	1.2936708449	1.3349598497	1.3640136361	1.3890718116	1.3964604917	1.3927031425	1.3948942054	1.4079193853	1.4168047822	1.4221656227	1.4195555245	1.4114339167	1.4043078310	1.4030824638	1.3848301081	1.3687563698	1.3588280724	1.3352771167	1.2993824162	1.2311837542	1.1415475559	1.0720046276	1.0305625906	0.9781000007	0.9399799711	0.9103774656	0.8804405595	0.8539917575	0.8322461698	0.8177456809	0.7989852018	0.7804386835	0.7656022221	0.7582643474	0.7598038112	0.7509462095	0.7359617669	0.7129408699	0.6943835255	0.6670708543	0.6410914458	0.6321405396	0.6246646439	0.6185421625	0.6092085739	0.6079628632	0.6086743106	0.6098732438	0.5914311463	0.5597116193	0.5336284663	0.5205369881	0.5041292943	0.4841522548	0.4631045660	0.4444143975	0.4191798202	0.3836634850	0.3353285973	0.3071909789	0.2960720573	0.2765657248	0.2759848655	0.2831248423	0.2735927861	0.2847716672	0.2929633211	0.2882263927	0.2967280551	0.2988397478	0.2784143612	0.2615764852	0.2602060026	0.2713931048	0.3000917196	0.3054412155	0.3080488476	0.3228243958	0.3160448875	0.3167709085	0.3361538863	0.3274037483	0.3360242915	0.3651062931	0.3442262030	15	2078	52.0000000000	10	5136.8900000000	0	2017-198	19:27:30.115
0251	1.0240000000	0.0000000000	0.3440830372	0.3458957185	0.3407362989	0.3301164550	0.3449906771	0.3800982544	0.3914406924	0.3911123474	0.4038999831	0.4044551989	0.3970775730	0.3983722579	0.4139117930	0.4195649021	0.4460328156	0.5155861520	0.5826028717	0.6130577398	0.6191834162	0.6311920136	0.6493935930	0.6489605773	0.6458255461	0.6412125324	0.6215839382	0.6408641485	0.6910951780	0.7367670863	0.7821347592	0.8378149358	0.8899025088	0.9287502078	0.9582429870	0.9856053359	1.0122838987	1.0276277409	1.0397024127	1.0684908185	1.1116208082	1.1409752946	1.1448897753	1.1337301142	1.1428168972	1.1889896439	1.2117150583	1.2208269384	1.2298262364	1.2461222173	1.2698821401	1.2709291580	1.2432836606	1.2579034253	1.3025084027	1.3330663661	1.3665893252	1.3980870166	1.3954334231	1.3969912710	1.4007254005	1.4071401203	1.4206928167	1.4273780674	1.4167826596	1.4159871246	1.4089820954	1.4015134705	1.3910526999	1.3754208736	1.3562429822	1.3403822824	1.3044613979	1.2298509042	1.1467381473	1.0767295392	1.0277642800	0.9807196388	0.9413416107	0.9095200749	0.8797680358	0.8559566508	0.8325688340	0.8188768786	0.8034394646	0.7836823311	0.7703532922	0.7662087577	0.7621986347	0.7503846207	0.7409012810	0.7169840620	0.6891093898	0.6712110351	0.6442739838	0.6289351711	0.6292941615	0.6211696434	0.6090055782	0.6116313736	0.6131861857	0.6080197248	0.5924682815	0.5640972704	0.5317381978	0.5201153843	0.5068747100	0.4843639649	0.4643774404	0.4499324368	0.4198152329	0.3811178781	0.3383061161	0.3011966284	0.2865353292	0.2792060649	0.2685877726	0.2716816728	0.2780355750	0.2747281946	0.2804807053	0.2954752269	0.2865116684	0.2894383131	0.2869266420	0.2556139238	0.2585511149	0.2823525446	0.2886398259	0.3101178274	0.3095458160	0.3102899599	0.3273184820	0.3183793284	0.3159768403	0.3407076714	0.3286197688	0.3366499990	0.3690766279	15	2071	51.0000000000	11	5138.0800000000	0	2017-198	19:27:31.306
0251	1.0240000000	0.0000000000	0.3452257962	0.3580537403	0.3408966076	0.3343535675	0.3565566928	0.3795051828	0.3962362904	0.4035321954	0.4035734732	0.4084659487	0.4150256428	0.3955674368	0.4214627136	0.4387057796	0.4421202470	0.5200899489	0.5923126781	0.6112329781	0.6241291612	0.6411744299	0.6466801759	0.6526111780	0.6519294504	0.6389191548	0.6270277884	0.6455366307	0.6919924394	0.7405222521	0.7852117208	0.8409178362	0.8935743895	0.9318808423	0.9625413110	0.9923738831	1.0138910132	1.0308256519	1.0447024742	1.0717387870	1.1140481435	1.1489898903	1.1488008691	1.1372597622	1.1493563159	1.1906828216	1.2172977476	1.2269043300	1.2298262364	1.2495505293	1.2757827294	1.2693184550	1.2500098819	1.2587498285	1.3021501233	1.3394568735	1.3682284000	1.3980870166	1.3994275786	1.3993610263	1.4033045830	1.4123723284	1.4223591172	1.4304833536	1.4217738164	1.4154318553	1.4125434397	1.4076773728	1.3906001477	1.3777189784	1.3604731297	1.3414762465	1.3096673541	1.2351823040	1.1482812961	1.0841122136	1.0364701351	0.9823569126	0.9493412432	0.9179225039	0.8807768214	0.8631612596	0.8412807658	0.8170992823	0.8095434544	0.7915353727	0.7657781877	0.7748753870	0.7680935849	0.7496358357	0.7494504401	0.7169840620	0.6889140514	0.6777170334	0.6426827148	0.6231254407	0.6383519135	0.6153083398	0.6039306857	0.6214140680	0.6053929468	0.6036948471	0.6036693422	0.5601293004	0.5311081083	0.5333959056	0.5018062501	0.4807648929	0.4771061837	0.4433532361	0.4138847148	0.3961793859	0.3319257186	0.2945600262	0.2969390326	0.2686447045	0.2620872970	0.2817516620	0.2658763632	0.2689890673	0.2890472063	0.2789778802	0.2773169204	0.2944001814	0.2701680891	0.2499223879	0.2596543734	0.2727981612	0.2791920137	0.3060257919	0.3035579424	0.2977555240	0.3213685293	0.3113022807	0.3103537291	0.3369552829	0.3279145762	0.3337314047	0.3494975052	15	2069	53.0000000000	12	5139.2900000000	0	2017-198	19:27:32.539
0251	1.0240000000	0.0000000000	0.3528441899	0.3481536368	0.3367285795	0.3446436976	0.3470403507	0.3737227347	0.4059773490	0.3904913550	0.3990023359	0.4209995415	0.4032903664	0.3946909301	0.4262039894	0.4244371255	0.4460328156	0.5244269384	0.5867414777	0.6119932955	0.6248564766	0.6352943765	0.6478430690	0.6505425043	0.6504322663	0.6397928225	0.6239917950	0.6437082681	0.6924909180	0.7403246118	0.7852117208	0.8406175555	0.8935743895	0.9313590698	0.9613592719	0.9931506017	1.0141206010	1.0310625342	1.0461659068	1.0748618336	1.1149424250	1.1498947640	1.1529727024	1.1403972271	1.1526260252	1.1931574660	1.2182065575	1.2275508610	1.2309810794	1.2487886822	1.2774148072	1.2696901557	1.2482977528	1.2655210536	1.3001198736	1.3396935590	1.3743163924	1.3970468007	1.3997699348	1.4026335455	1.4033045830	1.4112590926	1.4272469320	1.4324796090	1.4211083288	1.4212066556	1.4156596159	1.4074532309	1.3967096015	1.3818555670	1.3637632445	1.3473107216	1.3124607940	1.2354488740	1.1544538913	1.0845551741	1.0319617458	0.9923442828	0.9547878015	0.9114063344	0.8932185114	0.8684009751	0.8325688340	0.8301888549	0.8111931813	0.7819751482	0.7842545715	0.7683754150	0.7592511597	0.7670450876	0.7422311502	0.7121707381	0.7047364585	0.6721967924	0.6393012682	0.6399536253	0.6300992950	0.6147019980	0.6193583590	0.6051095774	0.6043675206	0.6150219077	0.5870751782	0.5549082872	0.5409795104	0.5161101477	0.4986384627	0.4892332977	0.4611952545	0.4433532361	0.4229922961	0.3796329407	0.3327764383	0.2990557890	0.2817669652	0.2710650162	0.2632080686	0.2625271371	0.2640057153	0.2682716764	0.2702009041	0.2734787647	0.2801264268	0.2779476707	0.2693700628	0.2507354645	0.2447603835	0.2640868115	0.2797646083	0.2914113797	0.3002646120	0.3026470112	0.3088423132	0.3164492245	0.3100229578	0.3117119416	0.3370820804	0.3304479862	0.3378253360	15	2062	51.0000000000	13	5140.4800000000	0	2017-198	19:27:33.943
0251	1.0240000000	0.0000000000	0.3427498183	0.3658696114	0.3450646358	0.3332942893	0.3561174770	0.3818774692	0.3923398670	0.4021349625	0.4030837085	0.4081317195	0.4089854270	0.3969698474	0.4165458350	0.4291353408	0.4439914755	0.5157529593	0.5873781863	0.6129056764	0.6216562887	0.6391232485	0.6496520137	0.6510292510	0.6540024744	0.6427414508	0.6259808941	0.6459429335	0.6953820937	0.7424986552	0.7891819939	0.8446212979	0.8958183165	0.9343853499	0.9649053892	0.9929286821	1.0184827690	1.0341420041	1.0440927106	1.0758612086	1.1178807782	1.1502825671	1.1554497284	1.1435346919	1.1506641996	1.1956321103	1.2217119671	1.2272922486	1.2367552947	1.2534867394	1.2762849072	1.2746461649	1.2518443058	1.2608053790	1.3050163583	1.3447822964	1.3720919336	1.3995895508	1.4063888210	1.4020693181	1.4050987969	1.4170479185	1.4280245389	1.4320359967	1.4270977169	1.4223171941	1.4146579879	1.4140654170	1.3973884297	1.3816257565	1.3705784821	1.3440288294	1.3116989468	1.2451786787	1.1519287388	1.0839645601	1.0478188390	0.9885785530	0.9505326779	0.9240957171	0.8891833687	0.8607051430	0.8419260941	0.8227552705	0.8065739459	0.7894867532	0.7758082246	0.7674726411	0.7642250239	0.7582468635	0.7426111128	0.7196795233	0.7012203680	0.6725910953	0.6448707097	0.6351455726	0.6323134122	0.6159146815	0.6136744794	0.6095933123	0.6062132877	0.6129624422	0.5943351250	0.5576232140	0.5420296596	0.5222234035	0.5028621793	0.4947377609	0.4696810834	0.4463244880	0.4289228142	0.3866333598	0.3323510784	0.3078332307	0.2871855607	0.2710650162	0.2744157852	0.2700796290	0.2682146732	0.2823803642	0.2824387627	0.2792278400	0.2913644521	0.2857821996	0.2683060277	0.2626605873	0.2524831931	0.2677399582	0.3012369089	0.2984262976	0.2951749195	0.3234358317	0.3154185767	0.3096938607	0.3308615463	0.3297916320	0.3293249614	0.3527022675	0.3532627211	15	2051	51.0000000000	14	5143.1000000000	0	2017-198	19:27:36.330
0251	1.0240000000	0.0000000000	0.3459876356	0.3563168800	0.3415378427	0.3345048929	0.3489436192	0.3818774692	0.3974351900	0.3968565271	0.4048795125	0.4077974904	0.4034629440	0.3938144235	0.4161946294	0.4300053807	0.4445018105	0.5194227197	0.5937452725	0.6130577398	0.6261656444	0.6429521205	0.6532699032	0.6552882851	0.6586091946	0.6454716622	0.6278653038	0.6522406269	0.6987717480	0.7460561807	0.7963284854	0.8491255082	0.9034680679	0.9455512796	0.9711379589	1.0018054654	1.0335207692	1.0398271792	1.0582392259	1.0927256604	1.1219689218	1.1616581222	1.1709637335	1.1494174385	1.1619119996	1.2072238655	1.2275543164	1.2386711946	1.2485603569	1.2612321851	1.2900947970	1.2851776844	1.2590597068	1.2741059997	1.3163618716	1.3520012030	1.3840337648	1.4129967788	1.4151759631	1.4139180944	1.4177704325	1.4263990988	1.4402440760	1.4464533968	1.4384110056	1.4346441715	1.4303501611	1.4239276606	1.4091547850	1.3935759013	1.3785687607	1.3571563983	1.3255391718	1.2493105135	1.1609070591	1.0944479577	1.0450205285	0.9952913756	0.9575110807	0.9251245860	0.8947316899	0.8715120562	0.8478953807	0.8326128499	0.8171321984	0.7980226679	0.7823189503	0.7783059278	0.7743569695	0.7655475175	0.7534400477	0.7279584404	0.7021970598	0.6763369732	0.6576008616	0.6427583228	0.6389557636	0.6302647698	0.6201703418	0.6159113024	0.6176980608	0.6135802818	0.5991059471	0.5678563999	0.5382491226	0.5298122728	0.5176451873	0.4915621090	0.4737118522	0.4647886965	0.4242631214	0.3942701807	0.3514922710	0.3009825445	0.2975892640	0.2873471136	0.2658979206	0.2824382522	0.2806077159	0.2689890673	0.2883129348	0.2872265535	0.2798710171	0.2998843516	0.2725621681	0.2450439286	0.2651706660	0.2657728792	0.2803372030	0.3183018982	0.2957737069	0.3050927548	0.3313895022	0.3113022807	0.3182922390	0.3492358273	0.3328509246	0.3395685933	0.3720888006	15	2063	52.0000000000	15	5144.2900000000	0	2017-198	19:27:37.515
0251	1.0240000000	0.0000000000	0.3497968325	0.3611800887	0.3452249445	0.3413145379	0.3556782612	0.3857324346	0.4013316134	0.4029112030	0.4083078655	0.4129780421	0.4103660477	0.3992487646	0.4230431389	0.4313974445	0.4516465009	0.5257613967	0.5970879928	0.6241583736	0.6319841679	0.6478749560	0.6608933132	0.6628328597	0.6634462508	0.6544267555	0.6369732838	0.6556942007	0.7056507522	0.7540606130	0.8008942994	0.8569328059	0.9093838756	0.9486819141	0.9808091879	1.0102384095	1.0313396852	1.0508422060	1.0658002945	1.0911016761	1.1346166163	1.1668288291	1.1714852127	1.1586991054	1.1667511694	1.2110009543	1.2372915652	1.2431969117	1.2483037251	1.2705013250	1.2921035082	1.2838147819	1.2684764165	1.2772497828	1.3149287541	1.3589834241	1.3875460681	1.4099917105	1.4206536620	1.4178676865	1.4178825708	1.4321879247	1.4451318909	1.4478951368	1.4437349061	1.4389752717	1.4320195412	1.4331174786	1.4150379627	1.3955292903	1.3883216008	1.3637201828	1.3264279936	1.2597067431	1.1684825169	1.0999111368	1.0554364622	1.0047875637	0.9639788687	0.9330125806	0.9039788918	0.8770792539	0.8530580070	0.8400464343	0.8217514339	0.8012663155	0.7895335383	0.7846253451	0.7747254038	0.7754689192	0.7589495057	0.7269957756	0.7150893915	0.6877717581	0.6548161409	0.6503710730	0.6480135156	0.6282436306	0.6317410969	0.6283434764	0.6203641689	0.6300560063	0.6051213316	0.5686917620	0.5542113898	0.5329743017	0.5134214707	0.5063818175	0.4785912038	0.4558749407	0.4403602420	0.3987249928	0.3453245534	0.3191796798	0.2991064707	0.2866870285	0.2849510388	0.2794630281	0.2813092089	0.2917064460	0.2902709922	0.2844769958	0.2959618261	0.2920498228	0.2720301506	0.2648287914	0.2552413393	0.2697070371	0.3049587744	0.3036874860	0.3038573361	0.3212958060	0.3201159077	0.3199877484	0.3384692850	0.3297916320	0.3367294841	0.3716731303	0.3528861995	15	2070	51.0000000000	16	5145.4900000000	0	2017-198	19:27:38.748
0251	1.0240000000	0.0000000000	0.3515109710	0.3549273918	0.3449043270	0.3387420053	0.3480651876	0.3845462914	0.3959365656	0.3965460309	0.4083078655	0.4071290321	0.4053612975	0.3980216553	0.4183018631	0.4307014126	0.4484143791	0.5182550687	0.5935860954	0.6226377388	0.6264565706	0.6465075017	0.6608933132	0.6562617786	0.6642524268	0.6512597103	0.6312153654	0.6532563839	0.7031583594	0.7471432023	0.7983136219	0.8534295313	0.9032640745	0.9500385224	0.9735020371	1.0034698622	1.0331763875	1.0427882079	1.0553123607	1.0924758167	1.1249072751	1.1585556981	1.1701815148	1.1485023446	1.1612580578	1.2113916876	1.2296315961	1.2397056442	1.2483037251	1.2598354654	1.2884627191	1.2867883874	1.2586928220	1.2715667903	1.3173172833	1.3496343484	1.3829800738	1.4128811993	1.4115241638	1.4100813478	1.4182189859	1.4248405688	1.4371336484	1.4493368769	1.4364145429	1.4310904483	1.4309066212	1.4207896740	1.4065526103	1.3974826794	1.3732810763	1.3571563983	1.3285865608	1.2485108035	1.1616084904	1.0994681763	1.0443986817	0.9959462851	0.9636384588	0.9189513728	0.8959086065	0.8751143606	0.8427327545	0.8295424563	0.8199367342	0.7925596825	0.7823189503	0.7828197973	0.7697515396	0.7670450876	0.7572396739	0.7254555120	0.7070805188	0.6848144862	0.6546172323	0.6443610070	0.6457993985	0.6282436306	0.6183433805	0.6258978029	0.6193387427	0.6152278543	0.6051213316	0.5718243699	0.5386691822	0.5355039248	0.5157445148	0.4900801382	0.4805005153	0.4575727989	0.4238395130	0.3991492607	0.3440484739	0.2977712853	0.2960720573	0.2811863200	0.2616389883	0.2790053013	0.2766325890	0.2658803734	0.2895367207	0.2867266340	0.2742520044	0.2941390305	0.2752222559	0.2388103416	0.2557929686	0.2747652401	0.2731797695	0.3039797742	0.3098452096	0.2965326522	0.3254395496	0.3219178523	0.3093614154	0.3362730304	0.3384924657	0.3293535133	0.3551453291	15	2077	52.5000000000	17	5146.6900000000	0	2017-198	19:27:39.918
0251	1.0240000000	0.0000000000	0.3537964891	0.3479799508	0.3362476532	0.3440383958	0.3448442718	0.3787638433	0.4019310632	0.3889388740	0.4007981398	0.4156518752	0.3960421075	0.3899577944	0.4239211529	0.4223490297	0.4387180135	0.5249273603	0.5867414777	0.6112329781	0.6316932418	0.6381660305	0.6466801759	0.6586955123	0.6519294504	0.6413217409	0.6315294337	0.6459429335	0.6931887880	0.7472420225	0.7895790212	0.8429197074	0.9023461043	0.9361593761	0.9649053892	1.0022493045	1.0184827690	1.0352079744	1.0550684553	1.0782347240	1.1173697602	1.1585556981	1.1546675097	1.1422274149	1.1592962322	1.1926364882	1.2241787368	1.2360850705	1.2323925543	1.2590736183	1.2857007411	1.2737788633	1.2588151169	1.2701158135	1.3084797255	1.3488059493	1.3800531544	1.4034036760	1.4104970952	1.4095171203	1.4104814385	1.4186064486	1.4341343075	1.4382465690	1.4296487526	1.4293135867	1.4224484285	1.4131688494	1.4036110215	1.3882902603	1.3659958223	1.3549684701	1.3204601901	1.2411801288	1.1631516392	1.0920855019	1.0344491330	0.9977472863	0.9581919005	0.9158647662	0.8989349635	0.8659448585	0.8357954754	0.8340672468	0.8126779356	0.7840237677	0.7867180894	0.7741531679	0.7623828519	0.7692914427	0.7486905148	0.7187168586	0.7104012709	0.6794913966	0.6460641614	0.6455630202	0.6407673140	0.6205633017	0.6238242645	0.6169303330	0.6068285434	0.6172873198	0.5949574061	0.5532375629	0.5413995701	0.5300230747	0.4984272769	0.4947377609	0.4703175206	0.4401697519	0.4287110100	0.3891789668	0.3321383985	0.3041938037	0.2889195112	0.2662243927	0.2694843899	0.2682487219	0.2670455182	0.2833368854	0.2802359481	0.2797277596	0.2957064164	0.2849987468	0.2685720365	0.2648287914	0.2497250468	0.2711120935	0.2949383674	0.2949188387	0.3062524855	0.3078442163	0.3122870227	0.3244913242	0.3116768141	0.3294505057	0.3458969884	0.3366499990	0.3566514154	15	2065	51.5000000000	18	5147.8900000000	0	2017-198	19:27:41.244
0251	1.0240000000	0.0000000000	0.3513205112	0.3542326477	0.3449043270	0.3388933308	0.3482115928	0.3846945593	0.3986340895	0.3956145423	0.4061855517	0.4111397818	0.4038080992	0.3953921354	0.4202334940	0.4280912930	0.4480741557	0.5229256728	0.5904025523	0.6194444058	0.6318387049	0.6407641936	0.6566293720	0.6622244262	0.6567665065	0.6495123750	0.6336232222	0.6475681447	0.7015632280	0.7489219651	0.7907701031	0.8502265374	0.9009181507	0.9368898575	0.9725349142	0.9969232346	1.0213526164	1.0401825026	1.0489708193	1.0759861304	1.1258015565	1.1482142843	1.1547978794	1.1498096216	1.1487023740	1.1926364882	1.2257366966	1.2248354308	1.2290563410	1.2581847966	1.2713886735	1.2672121511	1.2538010248	1.2546387275	1.3005975794	1.3444272682	1.3693991678	1.3954286869	1.4059323461	1.3985711079	1.4019589226	1.4161573299	1.4216925970	1.4301506443	1.4265431440	1.4159871246	1.4126547317	1.4122722818	1.3916183900	1.3784084098	1.3654083018	1.3415977981	1.3073818123	1.2403804188	1.1472992923	1.0838169066	1.0403566775	0.9853040054	0.9493412432	0.9184369383	0.8821218690	0.8590677319	0.8425714224	0.8175840813	0.8036044373	0.7915353727	0.7698253956	0.7651254290	0.7691988881	0.7546901346	0.7448908886	0.7243003143	0.6988763077	0.6753512158	0.6516336029	0.6349452371	0.6389557636	0.6246055801	0.6108325396	0.6140770472	0.6094946515	0.6065780989	0.5928831356	0.5643061109	0.5340485259	0.5213801958	0.5146885857	0.4888098775	0.4650138775	0.4548137793	0.4253221425	0.3806936103	0.3421343546	0.3041938037	0.2802497585	0.2844867451	0.2685877726	0.2606962299	0.2799062229	0.2752064552	0.2692218754	0.2904760309	0.2844683911	0.2698519909	0.2802764226	0.2531746941	0.2359343154	0.2865677138	0.2886398259	0.2905345150	0.3191264136	0.3072327804	0.3022660498	0.3283515320	0.3232538077	0.3151232039	0.3490703553	0.3454057818	0.3302949042	15	2087	51.0000000000	19	5150.4800000000	0	2017-198	19:27:43.709
0251	1.0240000000	0.0000000000	0.3499872923	0.3516273573	0.3375301234	0.3379853781	0.3463083244	0.3749088779	0.3956368407	0.3908018512	0.3990023359	0.4082988341	0.4010468577	0.3871529732	0.4179506575	0.4246111334	0.4361663384	0.5184218760	0.5841946432	0.6036298044	0.6242746243	0.6388497576	0.6425454450	0.6522461179	0.6544631465	0.6348784420	0.6266090307	0.6475681447	0.6868082622	0.7424986552	0.7866013164	0.8345118483	0.8963282999	0.9310460064	0.9541595792	0.9935944408	1.0133170438	1.0224163303	1.0471415286	1.0688655841	1.1031890120	1.1471801429	1.1444986659	1.1275859122	1.1462173949	1.1824774219	1.2074306688	1.2218613881	1.2213573874	1.2378688736	1.2701332290	1.2602737382	1.2386364532	1.2540341539	1.2924765804	1.3289243705	1.3619062541	1.3862979023	1.3892710118	1.3906719236	1.3928757148	1.4007946765	1.4152495683	1.4192821427	1.4121242467	1.4085465166	1.4024158669	1.3963582068	1.3835855897	1.3676073174	1.3507202897	1.3355202199	1.2984935944	1.2261189244	1.1419684146	1.0715616672	1.0260542013	0.9784274555	0.9365758721	0.9055760776	0.8762372859	0.8448222553	0.8269222115	0.8119280931	0.7892518128	0.7809508384	0.7629627387	0.7541115875	0.7586985081	0.7457047143	0.7334920098	0.7200645893	0.6883280363	0.6656907940	0.6520314202	0.6243274539	0.6240607937	0.6266267193	0.6019007287	0.6026639038	0.6129811005	0.5977223970	0.5854157618	0.5638884299	0.5306880486	0.5201153843	0.5096201258	0.4862693560	0.4648017318	0.4522669919	0.4217214708	0.3876940294	0.3425597145	0.3031233839	0.2895697427	0.2798661499	0.2719500876	0.2739703067	0.2747619410	0.2778368885	0.2807254625	0.2874765133	0.2877887168	0.2891771622	0.2752222559	0.2607634087	0.2535864516	0.2725171499	0.2929342860	0.3013491800	0.3080488476	0.3145700112	0.3198027523	0.3209528003	0.3252384351	0.3359319042	0.3377872731	0.3468650789	0.3626757608	15	2073	52.5000000000	20	5151.7000000000	0	2017-198	19:27:44.925
0251	1.0240000000	0.0000000000	0.3440830372	0.3493694390	0.3383316673	0.3301164550	0.3457227034	0.3755019495	0.3950373909	0.3937515651	0.3991655908	0.4064605738	0.4031177888	0.3903083971	0.4179506575	0.4307014126	0.4380375668	0.5187554905	0.5910392609	0.6075834547	0.6228199934	0.6383027759	0.6425454450	0.6513943111	0.6520446184	0.6347692335	0.6247246210	0.6433019653	0.6859110008	0.7390399498	0.7833258411	0.8320095092	0.8907184823	0.9260369912	0.9524402496	0.9887122100	1.0072329674	1.0202843897	1.0423853725	1.0619948815	1.1030612575	1.1427850420	1.1416305305	1.1274551845	1.1430784740	1.1790910664	1.2052235591	1.2179822020	1.2196892807	1.2353293832	1.2654880842	1.2548221281	1.2361905546	1.2489557350	1.2884160808	1.3273859150	1.3596817954	1.3850265272	1.3885862994	1.3879636319	1.3902965323	1.3994587936	1.4103617535	1.4157332442	1.4090186380	1.4036601472	1.4014142388	1.3963582068	1.3793994825	1.3674924122	1.3504852815	1.3287133323	1.2960810781	1.2261189244	1.1355152469	1.0669844091	1.0266760481	0.9702410865	0.9319803386	0.9072908590	0.8727065361	0.8476058542	0.8286968643	0.8095040981	0.7932111575	0.7829994580	0.7571558752	0.7559171353	0.7629355035	0.7400888266	0.7312122341	0.7198720563	0.6836399157	0.6603677045	0.6506390598	0.6201204077	0.6240607937	0.6233928965	0.6008857502	0.6026639038	0.6092895663	0.6039007937	0.5874900323	0.5634707488	0.5302679889	0.5167425535	0.5070858959	0.4837288346	0.4658624604	0.4465367203	0.4217214708	0.3851484224	0.3353285973	0.2992698729	0.2852348663	0.2748054981	0.2676911553	0.2673332683	0.2738266170	0.2752064552	0.2775436192	0.2802276792	0.2898319941	0.2821260862	0.2720301506	0.2561559748	0.2508283053	0.2733601837	0.2932205834	0.2993031623	0.3101446033	0.3127357035	0.3119738673	0.3257780601	0.3278846051	0.3338851468	0.3455443921	0.3446761332	0.3540157643	15	2066	53.0000000000	21	5152.8800000000	0	2017-198	19:27:46.111
0251	1.0240000000	0.0000000000	0.3437021175	0.3457220325	0.3450646358	0.3346562183	0.3432338139	0.3803947902	0.3924897295	0.3915780917	0.4021041791	0.4056250009	0.3950066419	0.3938144235	0.4153166154	0.4230450617	0.4402490186	0.5125836208	0.5816478088	0.6057586930	0.6180197115	0.6313287590	0.6411241313	0.6457967235	0.6459407141	0.6326942729	0.6192807709	0.6395436644	0.6835183037	0.7333083810	0.7775689452	0.8304080123	0.8854146547	0.9217584574	0.9492165066	0.9822765422	1.0040187383	1.0181524490	1.0347023513	1.0611204284	1.1010171857	1.1350289817	1.1385016556	1.1254942690	1.1357543251	1.1766164221	1.2031462793	1.2119048104	1.2136584337	1.2343135870	1.2583320504	1.2525919240	1.2326440016	1.2443609751	1.2868635369	1.3221788348	1.3542962636	1.3802877656	1.3810544634	1.3824342029	1.3876052115	1.3909982019	1.4058071988	1.4135151826	1.4024746769	1.4018832856	1.3970738505	1.3897460207	1.3798520346	1.3633558236	1.3435525397	1.3318736729	1.2954462054	1.2221203745	1.1411266971	1.0718569742	1.0220121972	0.9782637281	0.9353844375	0.9016320802	0.8760691550	0.8494070064	0.8251475587	0.8095040981	0.7958507206	0.7792436555	0.7612030831	0.7566393544	0.7564879018	0.7440199480	0.7308322715	0.7104379415	0.6836399157	0.6664793999	0.6408925372	0.6179167169	0.6230543769	0.6153083398	0.5970288318	0.6055171896	0.6031370092	0.5958688780	0.5870751782	0.5544906061	0.5206066166	0.5205369881	0.4973713477	0.4784360815	0.4650138775	0.4450510943	0.4145201274	0.3874818955	0.3370300366	0.2981994532	0.2936878753	0.2781059232	0.2663462293	0.2758012138	0.2761649270	0.2737716734	0.2858653631	0.2807275988	0.2793601978	0.2917886718	0.2722961593	0.2472121327	0.2560687832	0.2697070371	0.2797646083	0.3045643507	0.2987676436	0.2989783958	0.3201159077	0.3174142764	0.3133306703	0.3427544288	0.3363768878	0.3395685933	0.3792427108	15	2068	48.0000000000	22	5154.1000000000	0	2017-198	19:27:47.406
0251	1.0240000000	0.0000000000	0.3454162561	0.3552747639	0.3436218568	0.3346562183	0.3489436192	0.3783190396	0.3954869782	0.3921990841	0.4019409242	0.4061263447	0.4000113921	0.3934638209	0.4144386014	0.4202609340	0.4395685719	0.5125836208	0.5770316713	0.6059107565	0.6159832283	0.6272263962	0.6404780796	0.6436063631	0.6420250020	0.6338955659	0.6170822929	0.6337538495	0.6847146522	0.7318260787	0.7731023880	0.8302078251	0.8806208105	0.9160189608	0.9510432943	0.9770614320	0.9978198680	1.0169680375	1.0293364317	1.0563733976	1.0993563773	1.1310216838	1.1318527962	1.1262786352	1.1292149065	1.1723183555	1.2039252592	1.2064739498	1.2100655887	1.2355833322	1.2551934391	1.2493705180	1.2348453104	1.2425472541	1.2819670522	1.3262024877	1.3506668836	1.3743932084	1.3860756874	1.3796130657	1.3791948339	1.3963417335	1.4019191642	1.4057519671	1.4064676023	1.3958863776	1.3907302060	1.3944530006	1.3711404061	1.3586447088	1.3522478429	1.3251883369	1.2916369692	1.2326498891	1.1334109531	1.0663937951	1.0338272862	0.9713871781	0.9357248474	0.9114063344	0.8720340123	0.8444947731	0.8280515360	0.8065953042	0.7917264032	0.7794143738	0.7587395652	0.7537504779	0.7531719923	0.7430839667	0.7312122341	0.7075499472	0.6832492390	0.6603677045	0.6339307354	0.6219234275	0.6184248592	0.6062132134	0.5988557931	0.5985877812	0.5957539408	0.5946331987	0.5791929503	0.5498961145	0.5279576608	0.5121049111	0.4956818611	0.4794946321	0.4586495059	0.4429287715	0.4151555401	0.3779358694	0.3325637583	0.2967008656	0.2808999899	0.2743654414	0.2647771489	0.2604673665	0.2719559691	0.2709021098	0.2677533323	0.2814774782	0.2796156074	0.2716800476	0.2720301506	0.2469411072	0.2389682763	0.2635247890	0.2809097977	0.2797198499	0.2975700689	0.2956154984	0.2960029417	0.3113022807	0.3070460166	0.3188755925	0.3391976584	0.3439464847	0.3348131632	15	2073	52.0000000000	23	5155.2900000000	0	2017-198	19:27:48.732
0251	1.0240000000	0.0000000000	0.3471303947	0.3516273573	0.3388125936	0.3345048929	0.3470403507	0.3755019495	0.3950373909	0.3929753246	0.3970432770	0.4077974904	0.3988033490	0.3896071918	0.4149654098	0.4186948622	0.4351456683	0.5145853083	0.5768724941	0.6043901217	0.6167105437	0.6261324327	0.6394443969	0.6447015433	0.6408733219	0.6318206052	0.6168729141	0.6309097299	0.6817237808	0.7293555749	0.7701246832	0.8253032407	0.8802128238	0.9125752628	0.9461002218	0.9756189547	0.9925393489	1.0112828624	1.0277510463	1.0496276168	1.0916911080	1.1261095123	1.1271594837	1.1180427900	1.1284301763	1.1634617336	1.1974337600	1.2040171319	1.2027515827	1.2282188101	1.2511760166	1.2435472072	1.2277522043	1.2383152384	1.2765928617	1.3189835811	1.3476228874	1.3695388673	1.3788862075	1.3753249371	1.3749335759	1.3877698182	1.4006972105	1.4012049409	1.3989254099	1.3959974315	1.3836075174	1.3843666151	1.3696696117	1.3501417212	1.3379123431	1.3189892071	1.2832566494	1.2171888297	1.1303246555	1.0588634673	1.0189029632	0.9692587222	0.9248317308	0.9000887770	0.8715296195	0.8412199509	0.8215982532	0.8064337045	0.7895817582	0.7693419944	0.7596193930	0.7485143894	0.7463559562	0.7445815367	0.7251328321	0.7010038267	0.6857886376	0.6631278250	0.6265711163	0.6255294671	0.6194312761	0.5985328845	0.6019007287	0.5989953934	0.5891912134	0.6006056488	0.5798152315	0.5415424934	0.5258573625	0.5121049111	0.4872344280	0.4824585738	0.4614074003	0.4316804606	0.4183326034	0.3819664137	0.3263960407	0.3033374679	0.2845846349	0.2697448462	0.2703810072	0.2703084924	0.2637718843	0.2749673249	0.2750960475	0.2772281617	0.2865116684	0.2818649352	0.2717641418	0.2564270004	0.2502766760	0.2652108567	0.2940794754	0.2943342622	0.2927797701	0.3124299855	0.3100949349	0.2987566051	0.3272230626	0.3267214959	0.3219204387	0.3454057818	0.3487444620	15	2053	51.5000000000	24	5157.9100000000	0	2017-198	19:27:51.134
0251	1.0240000000	0.0000000000	0.3463685553	0.3460694045	0.3418584603	0.3311757331	0.3400128982	0.3781707717	0.3891927558	0.3884731297	0.3983493163	0.4001102201	0.3977678834	0.3920614103	0.4081169004	0.4188688702	0.4378674551	0.5045768709	0.5773500256	0.6040859948	0.6127830404	0.6305082865	0.6397028176	0.6415376894	0.6465165541	0.6326942729	0.6173963612	0.6394420887	0.6833189122	0.7301461361	0.7768741474	0.8271049247	0.8812327906	0.9185234684	0.9458853056	0.9780600701	0.9964423413	1.0128225973	1.0290925262	1.0531254291	1.0933519163	1.1311509515	1.1276809629	1.1177813346	1.1336617112	1.1661968668	1.1969144401	1.2071204808	1.2046763211	1.2265681414	1.2548168057	1.2439189079	1.2267738449	1.2408544478	1.2764734352	1.3173267829	1.3494961158	1.3693077082	1.3801415136	1.3778075379	1.3766156514	1.3893283483	1.4006972105	1.4036448087	1.3972616910	1.3963305930	1.3872801537	1.3841424732	1.3712535442	1.3528994469	1.3390873840	1.3210555837	1.2857961403	1.2155894098	1.1314469455	1.0627024579	1.0148609591	0.9676214484	0.9248317308	0.8937440856	0.8723702742	0.8364714587	0.8199849324	0.8057873059	0.7821579869	0.7688298395	0.7627867731	0.7441810747	0.7469086077	0.7464534993	0.7201933180	0.7052395517	0.6889140514	0.6574104325	0.6424838062	0.6241271183	0.6200351262	0.6155104537	0.6035246943	0.5957344953	0.6027268388	0.6032829540	0.5787780962	0.5565790114	0.5304780188	0.5161101477	0.4999055777	0.4856342257	0.4601345259	0.4414431455	0.4198152329	0.3817542798	0.3304369592	0.3011966284	0.2850181225	0.2664444211	0.2694843899	0.2693930388	0.2621350673	0.2804673218	0.2795016766	0.2692294481	0.2911090424	0.2839541429	0.2597937469	0.2642867404	0.2497250468	0.2607146762	0.3000917196	0.3004723153	0.2903846207	0.3209900881	0.3151054213	0.3000433411	0.3325154026	0.3239924860	0.3187470719	0.3574449832	0.3498740268	15	2083	51.5000000000	25	5159.1000000000	0	2017-198	19:27:52.320
0251	1.0240000000	0.0000000000	0.3444639569	0.3540589617	0.3384919760	0.3334456148	0.3505540770	0.3765398248	0.3917404173	0.4005824815	0.4014511595	0.4067948029	0.4074322286	0.3892565891	0.4133849845	0.4265252212	0.4348054450	0.5105819334	0.5856272376	0.6025653600	0.6151104498	0.6322859770	0.6362141384	0.6415376894	0.6458255461	0.6318206052	0.6154072621	0.6369026962	0.6809262151	0.7268850711	0.7744919836	0.8251030535	0.8778669000	0.9185234684	0.9437361436	0.9727340001	1.0001157459	1.0124672738	1.0267754246	1.0558737101	1.0913078445	1.1242997649	1.1334172337	1.1150360528	1.1272530809	1.1708856667	1.1906826008	1.2037585195	1.2076275867	1.2236477274	1.2505482943	1.2482554159	1.2231049969	1.2380734090	1.2830418903	1.3156699846	1.3482082713	1.3769359586	1.3772885453	1.3796130657	1.3819982931	1.3886604068	1.4028078578	1.4087463503	1.3989254099	1.3965527007	1.3915092500	1.3826855508	1.3705747160	1.3563466041	1.3397924086	1.3194754134	1.2904941983	1.2179885397	1.1258354953	1.0625548045	1.0167264995	0.9617272627	0.9294272643	0.8927152168	0.8577428820	0.8430211031	0.8169196231	0.7914049359	0.7927162394	0.7681469663	0.7471258383	0.7548338066	0.7469086077	0.7282954624	0.7304523088	0.7004262278	0.6660594634	0.6617477647	0.6291569284	0.6081002758	0.6220479600	0.6039899603	0.5895179909	0.6020524854	0.5953437704	0.5866012830	0.5856231889	0.5503137955	0.5138856620	0.5180073650	0.4935700028	0.4676388653	0.4656503147	0.4384718936	0.4068951756	0.3832392172	0.3263960407	0.2864248363	0.2897864865	0.2690847612	0.2497588087	0.2744280335	0.2684485042	0.2565542917	0.2812149768	0.2782280008	0.2671005337	0.2868268035	0.2696360716	0.2398944437	0.2579994856	0.2694260258	0.2734660668	0.3080718097	0.3014621867	0.2986726779	0.3251263942	0.3103372287	0.3153152978	0.3403665452	0.3293249614	0.3424871875	0.3536392427	15	2055	51.0000000000	26	5160.3100000000	0	2017-198	19:27:53.615
0251	1.0240000000	0.0000000000	0.3459876356	0.3528431595	0.3428203129	0.3328403130	0.3435266245	0.3753536816	0.3917404173	0.3890941221	0.3993288457	0.4031182824	0.3967324178	0.3917108076	0.4130337789	0.4218270058	0.4404191303	0.5100815115	0.5776683799	0.6048463122	0.6148195236	0.6276366324	0.6412533416	0.6416593761	0.6409884899	0.6297456446	0.6142556785	0.6317223355	0.6811256065	0.7270827114	0.7719113061	0.8254033342	0.8778669000	0.9144536435	0.9447032665	0.9736216785	0.9972458986	1.0112828624	1.0256778501	1.0543746477	1.0914355990	1.1285655981	1.1326350150	1.1188271562	1.1292149065	1.1689320001	1.1948371603	1.2076377056	1.2080125344	1.2302504024	1.2574532392	1.2481315157	1.2299535131	1.2449655488	1.2807727876	1.3243090040	1.3530084191	1.3746243675	1.3840215503	1.3807415206	1.3813254629	1.3960077628	1.4029189445	1.4071937072	1.4048038834	1.3942205699	1.3897285779	1.3897460207	1.3687645075	1.3566913198	1.3449625889	1.3172874852	1.2865579875	1.2223869445	1.1261160678	1.0610782696	1.0248105077	0.9620547175	0.9238105011	0.9036898180	0.8606011080	0.8371264232	0.8245022304	0.7983537214	0.7823229596	0.7744635432	0.7499412872	0.7425560817	0.7546457298	0.7348473314	0.7175335796	0.7121707381	0.6758263813	0.6497215254	0.6389034510	0.6165143681	0.6105748075	0.6147019980	0.5956078619	0.5910469543	0.6051878616	0.5936034659	0.5700661602	0.5572055330	0.5180862586	0.5070456649	0.5039181084	0.4722964880	0.4505879684	0.4439899329	0.4032945039	0.3681777094	0.3349032374	0.2894220115	0.2739641877	0.2754655831	0.2607423710	0.2645869076	0.2719559691	0.2744890643	0.2790121623	0.2832271968	0.2829359331	0.2855210487	0.2712321242	0.2523616176	0.2524831931	0.2702690597	0.2889261233	0.2963802799	0.2927797701	0.3069270625	0.3060239146	0.3093721767	0.3239153502	0.3168288351	0.3222730351	0.3483243761	0.3423435950	15	2057	51.5000000000	27	5161.5100000000	0	2017-198	19:27:54.738
0251	1.0240000000	0.0000000000	0.3427498183	0.3578800542	0.3391332111	0.3338995911	0.3508468876	0.3768363606	0.3942880787	0.3945278056	0.3998186104	0.4071290321	0.4003565473	0.3904836984	0.4123313677	0.4216529978	0.4387180135	0.5104151261	0.5833987575	0.6078875817	0.6145285974	0.6336534313	0.6425454450	0.6436063631	0.6466317221	0.6344416082	0.6173963612	0.6385279074	0.6849140437	0.7300473160	0.7797525954	0.8335109127	0.8827627409	0.9266631181	0.9540521211	0.9793915876	1.0098732269	1.0219425657	1.0310437697	1.0653677719	1.1026779940	1.1321850929	1.1416305305	1.1285010062	1.1343156530	1.1803935108	1.2083394787	1.2108703607	1.2195609649	1.2396465168	1.2602152172	1.2565567313	1.2394925178	1.2453282930	1.2903269041	1.3302261405	1.3560524153	1.3854888454	1.3929228111	1.3851424947	1.3913057776	1.4039117366	1.4092508865	1.4199475611	1.4181136348	1.4052149011	1.4038626630	1.4029703929	1.3789469304	1.3686414646	1.3578880396	1.3301719510	1.3005251871	1.2311837542	1.1384612583	1.0739241230	1.0290079736	0.9749891805	0.9384481266	0.9031753835	0.8742197146	0.8492432653	0.8235342380	0.8098272975	0.7965106114	0.7742928249	0.7629627387	0.7566393544	0.7513298204	0.7468278918	0.7323521220	0.7065872824	0.6875466829	0.6576075840	0.6301514715	0.6267314803	0.6186261426	0.6054047577	0.6085995868	0.6000144241	0.5961641113	0.6041067402	0.5798152315	0.5496872740	0.5313181381	0.5146345342	0.4971601619	0.4890215876	0.4622559831	0.4403819841	0.4229922961	0.3806936103	0.3291608797	0.3024811321	0.2843678910	0.2675445628	0.2688119269	0.2684775853	0.2579261094	0.2764021067	0.2765645905	0.2694794079	0.2890657651	0.2784699727	0.2621878259	0.2607634087	0.2480701590	0.2601526537	0.2949383674	0.2978417211	0.2957737069	0.3307730624	0.3163580429	0.3190226964	0.3440923962	0.3325206418	0.3388450620	0.3724027788	0.3532627211	15	2046	52.5000000000	28	5162.7100000000	0	2017-198	19:27:56.126
0251	1.0240000000	0.0000000000	0.3429402781	0.3577063682	0.3442630919	0.3307217568	0.3543606138	0.3789121112	0.3905415177	0.3988747524	0.3993288457	0.4007786784	0.4069144959	0.3903083971	0.4105753396	0.4322674844	0.4373571201	0.5122500063	0.5958145755	0.6069752008	0.6188924900	0.6444563202	0.6453880725	0.6482304572	0.6552693225	0.6357521096	0.6201182863	0.6479744475	0.6879049151	0.7369647266	0.7887849666	0.8361133452	0.8892905287	0.9358463126	0.9582429870	0.9880464513	1.0190567385	1.0264433294	1.0409219399	1.0797337864	1.1094489819	1.1443362541	1.1572749055	1.1362139406	1.1441247810	1.1952413770	1.2134028481	1.2212148571	1.2340606609	1.2480268351	1.2700076845	1.2735310628	1.2449957897	1.2565733633	1.3094351371	1.3374450471	1.3674088626	1.4022478805	1.3986287475	1.3957499707	1.4062201806	1.4076967382	1.4201373832	1.4343649613	1.4209974142	1.4184303093	1.4174402881	1.4087980823	1.3959176353	1.3825449984	1.3658783182	1.3445150356	1.3142384376	1.2390475689	1.1513675937	1.0869176299	1.0392684456	0.9849765507	0.9462775542	0.9184369383	0.8814493452	0.8626700363	0.8407967696	0.8200080762	0.8075637820	0.7906817812	0.7682417055	0.7676531959	0.7653303270	0.7486998544	0.7412812437	0.7233376495	0.6838352540	0.6739711556	0.6484510649	0.6229251052	0.6349300961	0.6225844409	0.6047426685	0.6132618227	0.6103149924	0.6024591678	0.5928831356	0.5626353867	0.5273275713	0.5249638285	0.5041292943	0.4801297625	0.4677717719	0.4444143975	0.4162145612	0.3849362885	0.3366046768	0.2956304459	0.2863185854	0.2741454130	0.2598457536	0.2671044049	0.2679808422	0.2670760249	0.2733827473	0.2782280008	0.2745074141	0.2776865198	0.2696360716	0.2382682906	0.2436571249	0.2697070371	0.2757564456	0.2914113797	0.2993664310	0.3029527291	0.3104080903	0.3193443804	0.3120075853	0.3314972631	0.3360242915	0.3315424590	0.3604166313	15	2065	51.0000000000	29	5165.3100000000	0	2017-198	19:27:58.544
0251	1.0240000000	0.0000000000	0.3463685553	0.3535379036	0.3349651830	0.3325376621	0.3464547297	0.3726848594	0.3945878036	0.3926648284	0.3975330417	0.4076303758	0.4027726336	0.3875035759	0.4214627136	0.4266992292	0.4388881252	0.5189222978	0.5857864148	0.6078875817	0.6235473089	0.6392599939	0.6451296518	0.6528545513	0.6507777703	0.6388099464	0.6260855836	0.6459429335	0.6912945694	0.7418069141	0.7866013164	0.8381152165	0.8947983497	0.9327156781	0.9584579032	0.9935944408	1.0160720972	1.0270355351	1.0472634813	1.0743621462	1.1091934730	1.1479557490	1.1502349368	1.1356910298	1.1517105066	1.1897711105	1.2126238682	1.2320765782	1.2299545523	1.2505663255	1.2803023297	1.2682033529	1.2511105363	1.2644328210	1.3032249614	1.3431254982	1.3738480853	1.3985493348	1.4026229030	1.3990224898	1.4038652748	1.4140421820	1.4225812906	1.4313705782	1.4247685105	1.4156539630	1.4145466959	1.4098067208	1.3906001477	1.3805916093	1.3644682690	1.3391667668	1.3119528958	1.2398472789	1.1437921360	1.0839645601	1.0378692904	0.9794098198	0.9500220630	0.9192943291	0.8792636429	0.8607051430	0.8406354375	0.8146752873	0.8067389185	0.7894867532	0.7671859121	0.7672920863	0.7701199740	0.7524437795	0.7428010942	0.7237227154	0.6912581117	0.6702252777	0.6520314202	0.6297365132	0.6296967283	0.6258182636	0.6059606427	0.6104085368	0.6146217823	0.6008115953	0.5945425520	0.5674387188	0.5290078099	0.5207477900	0.5121543558	0.4824585738	0.4652260233	0.4526914565	0.4183326034	0.3859969581	0.3459625931	0.3033374679	0.2980227517	0.2880071986	0.2726225506	0.2808362084	0.2792047299	0.2785542794	0.2861101203	0.2909759505	0.2895765844	0.2910052189	0.2789463787	0.2602213576	0.2557929686	0.2798234431	0.2943657727	0.2990108741	0.3053543045	0.3121242676	0.3050844484	0.3283515320	0.3298692326	0.3246747385	0.3448391994	0.3570801589	0.3382018575	15	2055	50.0000000000	30	5166.5100000000	0	2017-198	19:27:59.823
0251	1.0240000000	0.0000000000	0.3448448765	0.3486746949	0.3532403832	0.3340509166	0.3457227034	0.3895874000	0.3963861529	0.3939068132	0.4123892381	0.4081317195	0.4036355216	0.4008264765	0.4158434238	0.4272212531	0.4473937090	0.5177546468	0.5884924264	0.6145783746	0.6216562887	0.6378925396	0.6497812240	0.6515159978	0.6542328104	0.6433967015	0.6260855836	0.6475681447	0.6958805722	0.7419057342	0.7895790212	0.8436203623	0.8951043397	0.9343853499	0.9641531825	0.9913752450	1.0166460667	1.0341420041	1.0431170889	1.0728630838	1.1160922154	1.1448533248	1.1490616086	1.1406586825	1.1487023740	1.1865149995	1.2213224771	1.2226372253	1.2268749708	1.2495505293	1.2718908513	1.2641146453	1.2485423427	1.2568151927	1.2960593740	1.3413503572	1.3684625536	1.3928859368	1.4022805468	1.3966527346	1.3982583564	1.4119270341	1.4224702039	1.4256036181	1.4243248521	1.4198740094	1.4088708034	1.4108153594	1.3958044972	1.3746165369	1.3657608141	1.3467029638	1.3043344233	1.2407802738	1.1520690250	1.0751053509	1.0414449094	0.9851402781	0.9418522255	0.9198087635	0.8846438332	0.8530093108	0.8420874262	0.8170992823	0.7971705022	0.7949497386	0.7684176711	0.7615143334	0.7704884084	0.7509462095	0.7365317108	0.7293061711	0.6934068337	0.6676623087	0.6556117754	0.6275328224	0.6236582270	0.6235950105	0.6075846083	0.6024600977	0.6150319528	0.6022532212	0.5835489184	0.5638884299	0.5290078099	0.5169533554	0.5072970817	0.4856342257	0.4601345259	0.4524792242	0.4179089949	0.3789965390	0.3395821956	0.2962726977	0.2841511472	0.2796461216	0.2623114513	0.2648157710	0.2693838282	0.2668368946	0.2728932330	0.2812275184	0.2711870884	0.2818649352	0.2677740101	0.2407075203	0.2458636420	0.2657728792	0.2777605270	0.2949188387	0.3005640057	0.3002012676	0.3144791105	0.3093721767	0.3126691278	0.3376375353	0.3257989983	0.3381092961	0.3687001063	15	2059	50.5000000000	31	5167.7200000000	0	2017-198	19:28:00.947
0251	1.0240000000	0.0000000000	0.3536060293	0.3485010089	0.3400950638	0.3358668219	0.3426481929	0.3753536816	0.3944379412	0.3869206487	0.3981860614	0.4047894281	0.3951792195	0.3903083971	0.4170726435	0.4213049819	0.4368467851	0.5145853083	0.5818069859	0.6019571061	0.6181651746	0.6296878139	0.6402196589	0.6471352770	0.6468620582	0.6346600251	0.6213745594	0.6396452401	0.6876058280	0.7386446692	0.7806459068	0.8374145615	0.8929624094	0.9258282822	0.9584579032	0.9904875667	1.0076921429	1.0263248882	1.0428731834	1.0651179281	1.1082991915	1.1433021127	1.1430645982	1.1343837528	1.1417705903	1.1798725331	1.2136625081	1.2195338764	1.2209724397	1.2472649880	1.2654880842	1.2586630352	1.2442620201	1.2510112855	1.2934319920	1.3372083616	1.3615550238	1.3891873911	1.3970310853	1.3931545244	1.3945577903	1.4083646797	1.4163604354	1.4230528473	1.4171154034	1.4102123244	1.4057546272	1.4025221091	1.3872060068	1.3718588112	1.3569480068	1.3368572871	1.3025567798	1.2322500342	1.1465978611	1.0755483113	1.0321172075	0.9841579138	0.9427032503	0.9098630312	0.8839713094	0.8528455697	0.8312781774	0.8198464765	0.8003049834	0.7790729372	0.7694734644	0.7627782169	0.7599880284	0.7509462095	0.7380515613	0.7106304744	0.6928208186	0.6684509146	0.6398979941	0.6321405396	0.6315082787	0.6159146815	0.6130654923	0.6122427920	0.6039573502	0.6115208163	0.5986910930	0.5559524898	0.5361488242	0.5277042536	0.5041292943	0.4957963115	0.4720146864	0.4450510943	0.4280755974	0.3868454937	0.3323510784	0.3082613986	0.2861018416	0.2734853280	0.2777781002	0.2680198585	0.2686823352	0.2881194915	0.2743617760	0.2804776390	0.2962172358	0.2789922746	0.2632518610	0.2653708425	0.2422780518	0.2657728792	0.3003780169	0.2867347678	0.2966718879	0.3191557804	0.3016397390	0.3129107006	0.3345000300	0.3219457286	0.3272093835	0.3552560375	0.3464853325	15	2079	52.0000000000	32	5168.9100000000	0	2017-198	19:28:02.148
0251	1.0240000000	0.0000000000	0.3431307380	0.3604853446	0.3415378427	0.3304191059	0.3521645349	0.3757984853	0.3905415177	0.3949935499	0.3986758261	0.4027840532	0.4039806768	0.3918861090	0.4137361902	0.4266992292	0.4395685719	0.5144185010	0.5857864148	0.6071272643	0.6159832283	0.6336534313	0.6404780796	0.6429979297	0.6455952101	0.6330218982	0.6165588458	0.6387310588	0.6845152608	0.7297508555	0.7785615135	0.8298074509	0.8804168172	0.9236368381	0.9510432943	0.9769504722	1.0061998223	1.0181524490	1.0301901007	1.0623696471	1.0994841318	1.1302460778	1.1394142441	1.1237948089	1.1320922507	1.1773978887	1.2037954293	1.2077670118	1.2158398039	1.2365991284	1.2583320504	1.2549460283	1.2360682597	1.2430309131	1.2886549338	1.3278592859	1.3525401120	1.3835239931	1.3875592309	1.3829984304	1.3913057776	1.3995701172	1.4060293722	1.4188385304	1.4136770510	1.4012169625	1.4039739550	1.3992720515	1.3756659274	1.3680669384	1.3537753962	1.3267685072	1.2995093908	1.2293177643	1.1346735294	1.0767295392	1.0258987396	0.9718783603	0.9398097662	0.9016320802	0.8691757862	0.8531730519	0.8206302607	0.8041713093	0.7968405568	0.7690005578	0.7555721852	0.7551949162	0.7489349969	0.7410248078	0.7327320846	0.7025440903	0.6812958554	0.6621420677	0.6297536543	0.6191187301	0.6194312761	0.5999476819	0.5980438103	0.5998106180	0.5902166395	0.5936034659	0.5800226585	0.5475988687	0.5248072133	0.5112617034	0.4956818611	0.4769541107	0.4558916115	0.4357128739	0.4134611064	0.3792086729	0.3268214006	0.2954163619	0.2802497585	0.2684246761	0.2650013033	0.2604673665	0.2616674053	0.2713803704	0.2684876039	0.2714790863	0.2773169204	0.2729858024	0.2621878259	0.2518195665	0.2403473494	0.2593096198	0.2857768525	0.2867347678	0.2960731006	0.3176271907	0.3085291578	0.3129107006	0.3384692850	0.3260392434	0.3353190988	0.3672952388	0.3483679405	15	2052	54.0000000000	33	5170.1300000000	0	2017-198	19:28:03.458
0251	1.0240000000	0.0000000000	0.3557010876	0.3462430906	0.3356064181	0.3419198396	0.3430874087	0.3760950211	0.4025305129	0.3890941221	0.3986758261	0.4148163024	0.3953517971	0.3894318904	0.4239211529	0.4169547825	0.4346353333	0.5212575999	0.5781459114	0.6011967887	0.6225290672	0.6296878139	0.6403488693	0.6509075643	0.6434070180	0.6331311067	0.6236777268	0.6382231803	0.6835183037	0.7357788848	0.7767748906	0.8282059539	0.8870466016	0.9210279760	0.9480344675	0.9843847782	1.0031003872	1.0154283026	1.0365316421	1.0586219911	1.0957792516	1.1378728705	1.1339387129	1.1223568042	1.1394163996	1.1706251778	1.2005496796	1.2117755042	1.2122469589	1.2316471221	1.2629771952	1.2550699286	1.2385141583	1.2499230529	1.2893714925	1.3292793987	1.3572231830	1.3845642090	1.3890427743	1.3833369668	1.3900722556	1.3999040879	1.4100284934	1.4178404027	1.4091295526	1.4048817395	1.4030836189	1.3927719364	1.3798520346	1.3687563698	1.3486052159	1.3281055745	1.2976047726	1.2183883947	1.1356555332	1.0717093207	1.0168819612	0.9746617257	0.9365758721	0.8940870419	0.8723702742	0.8469508897	0.8182102797	0.8082113008	0.7907365671	0.7672933749	0.7585635997	0.7539310327	0.7432242639	0.7442071442	0.7277925705	0.7010038267	0.6812958554	0.6595790986	0.6333340095	0.6179167169	0.6182235758	0.6045963021	0.5966228404	0.5951230769	0.5939081737	0.5890726416	0.5767038258	0.5494784334	0.5176661990	0.5095752880	0.4923028879	0.4761072702	0.4556794657	0.4365618031	0.4124020853	0.3764509320	0.3223551223	0.2947741101	0.2822004528	0.2664444211	0.2602940623	0.2680198585	0.2654087012	0.2716195007	0.2746065332	0.2779780410	0.2880441264	0.2826483881	0.2691040540	0.2602213576	0.2491734175	0.2733601837	0.2989465302	0.2934573974	0.3092464223	0.3191557804	0.3122870227	0.3264214281	0.3258999776	0.3260392434	0.3441340068	0.3468650789	0.3525096779	15	2056	50.5000000000	34	5172.7300000000	0	2017-198	19:28:05.954
0251	1.0240000000	0.0000000000	0.3511300513	0.3547537058	0.3420187691	0.3410118870	0.3499684560	0.3781707717	0.4001327139	0.3953040461	0.4038999831	0.4151505315	0.4050161423	0.3932885196	0.4212871108	0.4266992292	0.4368467851	0.5187554905	0.5859455919	0.6030215505	0.6238382350	0.6333799405	0.6402196589	0.6500557575	0.6477834022	0.6348784420	0.6254574470	0.6420830569	0.6847146522	0.7384470289	0.7805466500	0.8299075445	0.8892905287	0.9256195732	0.9501836295	0.9867149338	1.0061998223	1.0168495963	1.0375072638	1.0658674593	1.0994841318	1.1417509007	1.1452808847	1.1278473676	1.1442555693	1.1806539997	1.2034059393	1.2175942833	1.2193043331	1.2349484596	1.2667435288	1.2602737382	1.2354567850	1.2540341539	1.2937902714	1.3278592859	1.3630770219	1.3874536978	1.3901839616	1.3945086703	1.3945577903	1.4021305594	1.4211371635	1.4211674950	1.4143425386	1.4147655322	1.4044191231	1.3999444772	1.3895819054	1.3692159907	1.3548329331	1.3391667668	1.3020488816	1.2287846243	1.1460367160	1.0730382021	1.0294743587	0.9785911829	0.9381077167	0.9067764246	0.8814493452	0.8490795242	0.8270835436	0.8128976910	0.7943659664	0.7770243177	0.7659541532	0.7546532518	0.7546457298	0.7494486394	0.7304523088	0.7044694199	0.6893047281	0.6583961898	0.6349252785	0.6247281249	0.6158081753	0.6072237830	0.6033216986	0.5983839750	0.5961641113	0.6034889006	0.5810597938	0.5507314766	0.5340485259	0.5137913265	0.4931476312	0.4883864572	0.4580130687	0.4388963582	0.4223568835	0.3753902625	0.3283101600	0.3011966284	0.2832841719	0.2660043644	0.2658979206	0.2666466781	0.2621350673	0.2744890643	0.2768093477	0.2684795687	0.2801264268	0.2797757275	0.2589957205	0.2512775155	0.2464152712	0.2556564732	0.2872083392	0.3031029095	0.2927797701	0.3102899599	0.3235606172	0.3048686009	0.3186230102	0.3379786616	0.3215678424	0.3454057818	0.3641818472	15	2060	52.0000000000	35	5173.9300000000	0	2017-198	19:28:07.249
0251	1.0240000000	0.0000000000	0.3349409647	0.3533642176	0.3396141374	0.3289058515	0.3502612665	0.3771328964	0.3890428933	0.3990300005	0.4001451202	0.3981048452	0.4107112029	0.3924120129	0.4114533537	0.4338335562	0.4373571201	0.5117495844	0.5929493868	0.6092561530	0.6162741545	0.6392599939	0.6425454450	0.6450666034	0.6502019303	0.6358613181	0.6194901497	0.6398483915	0.6849140437	0.7299484958	0.7788592840	0.8308083865	0.8812327906	0.9233237746	0.9505060038	0.9790587082	1.0044779139	1.0190999782	1.0314096279	1.0606207410	1.1017837126	1.1312802192	1.1377194368	1.1237948089	1.1313075205	1.1767466665	1.2035357693	1.2097066049	1.2154548562	1.2355833322	1.2574532392	1.2544504274	1.2371689141	1.2452073783	1.2900880512	1.3286876850	1.3538279565	1.3837551522	1.3904121991	1.3822085120	1.3889508719	1.3990134993	1.4088065397	1.4156223411	1.4111260153	1.4025496087	1.3961835144	1.3964702777	1.3789469304	1.3608279083	1.3513078102	1.3270116104	1.2918909183	1.2267853494	1.1359361057	1.0640313393	1.0207685036	0.9677851758	0.9282358297	0.9031753835	0.8727065361	0.8435123264	0.8299875209	0.8057873059	0.7890868401	0.7809508384	0.7594434275	0.7515838206	0.7583300737	0.7406504153	0.7258927573	0.7096678097	0.6838352540	0.6564246752	0.6355220044	0.6231254407	0.6168145922	0.6058089856	0.6016977330	0.5961421076	0.5924725771	0.5995759160	0.5816820749	0.5473900282	0.5290078099	0.5137913265	0.4904022154	0.4843639649	0.4592859430	0.4335905511	0.4196034287	0.3811178781	0.3242692416	0.3007684605	0.2861018416	0.2644641660	0.2721742419	0.2709950826	0.2640057153	0.2771194976	0.2817044912	0.2752284833	0.2867670781	0.2823872371	0.2653799312	0.2599503321	0.2491734175	0.2638058003	0.2955109621	0.3001800271	0.2990670373	0.3185443445	0.3169843537	0.3135540686	0.3235845789	0.3308150107	0.3243886130	0.3494188489	0.3551453291	15	2046	52.5000000000	36	5175.1400000000	0	2017-198	19:28:08.357
0251	1.0240000000	0.0000000000	0.3438925773	0.3497168111	0.3360873444	0.3354128456	0.3444050560	0.3725365915	0.3936886290	0.3873863930	0.3932884142	0.4044551989	0.3963872626	0.3869776719	0.4146142042	0.4167807745	0.4356560033	0.5117495844	0.5783050885	0.5998282175	0.6122011880	0.6258589419	0.6332423006	0.6389822690	0.6367272738	0.6245036387	0.6129994053	0.6309097299	0.6753432551	0.7240192867	0.7693306286	0.8212994982	0.8747050028	0.9141405801	0.9400825682	0.9706257641	0.9948352268	1.0083218336	1.0217753631	1.0548743352	1.0910523355	1.1226192851	1.1313313170	1.1169969684	1.1255528321	1.1698437112	1.1953564803	1.1993621086	1.2073709549	1.2288536827	1.2513015611	1.2488749171	1.2290974486	1.2394034710	1.2829224639	1.3206403793	1.3476228874	1.3770515381	1.3824238881	1.3757763191	1.3837925070	1.3965643807	1.3994752568	1.4124061518	1.4072440045	1.3962195392	1.3970738505	1.3926598654	1.3710272681	1.3630111079	1.3468426545	1.3199616196	1.2950652818	1.2195879596	1.1293426517	1.0694945184	1.0176592696	0.9651655377	0.9340227979	0.8961447796	0.8679988696	0.8474421131	0.8169196231	0.8023937130	0.7915614305	0.7700248676	0.7548683229	0.7553754709	0.7421189607	0.7380296677	0.7287424770	0.6969606346	0.6775844266	0.6605648559	0.6265711163	0.6153123550	0.6188274259	0.5999476819	0.5947958791	0.5983839750	0.5875505315	0.5903083210	0.5791929503	0.5409159718	0.5193464376	0.5123157130	0.4889239146	0.4744135892	0.4603466716	0.4335905511	0.4098604347	0.3806936103	0.3198029633	0.2922051028	0.2845846349	0.2627039392	0.2560351300	0.2714528094	0.2567569544	0.2615760280	0.2814597340	0.2664798904	0.2737411851	0.2910052189	0.2573996679	0.2420626479	0.2568962271	0.2632437777	0.2869220419	0.3028106213	0.2966718879	0.3118185496	0.3210553739	0.3103372287	0.3239153502	0.3383197878	0.3342613099	0.3402982418	0.3566514154	15	2065	53.0000000000	37	5176.3300000000	0	2017-198	19:28:09.620
0251	1.0240000000	0.0000000000	0.3385597017	0.3514536713	0.3416981515	0.3287545260	0.3479187823	0.3781707717	0.3890428933	0.3912675955	0.3993288457	0.4011129075	0.3979404610	0.3927626156	0.4067120779	0.4232190696	0.4371870084	0.5079130167	0.5810111001	0.6036298044	0.6110374833	0.6322859770	0.6407365003	0.6394690158	0.6430615140	0.6305101038	0.6140462996	0.6353790607	0.6806271279	0.7290591144	0.7747897541	0.8263041763	0.8798048371	0.9195670132	0.9454554732	0.9741764774	1.0002305398	1.0119935092	1.0223851267	1.0561235538	1.0900302996	1.1242997649	1.1356335201	1.1184349731	1.1248988902	1.1720578666	1.1931493705	1.2018189265	1.2134018019	1.2289806572	1.2546912613	1.2575479332	1.2308095776	1.2412171920	1.2942679772	1.3235989476	1.3531254959	1.3872225387	1.3828803630	1.3832241214	1.3932121299	1.3961190864	1.4091397998	1.4182840150	1.4045820542	1.4018832856	1.4001900267	1.3886253112	1.3749870993	1.3635856341	1.3430825234	1.3236081666	1.2943034346	1.2198545296	1.1360763919	1.0693468649	1.0192138866	0.9725332698	0.9311293138	0.8966592141	0.8698483100	0.8436760675	0.8196622683	0.8041713093	0.7894167855	0.7724149237	0.7587395652	0.7526671493	0.7496718656	0.7404632191	0.7289324583	0.7048544858	0.6809051787	0.6609591589	0.6337318268	0.6213224209	0.6204376930	0.6050005299	0.5954048662	0.5953268830	0.5949335999	0.5913380538	0.5796078044	0.5486430713	0.5201865570	0.5125265150	0.4933588170	0.4778009512	0.4556794657	0.4418676101	0.4149437359	0.3760266642	0.3325637583	0.2947741101	0.2802497585	0.2721651580	0.2652254576	0.2666466781	0.2710206451	0.2706629795	0.2775436192	0.2862267144	0.2803818364	0.2896994641	0.2776163349	0.2482962348	0.2568962271	0.2831955784	0.2852042578	0.3063180802	0.3107433907	0.3011184215	0.3298237252	0.3260997441	0.3077075591	0.3475301961	0.3370820804	0.3351907019	0.3671940199	15	2068	52.0000000000	38	5177.5400000000	0	2017-198	19:28:10.853
0251	1.0240000000	0.0000000000	0.3477017742	0.3500641831	0.3421790778	0.3322350112	0.3426481929	0.3781707717	0.3920401421	0.3890941221	0.4006348849	0.4044551989	0.3984581938	0.3917108076	0.4146142042	0.4204349420	0.4399087952	0.5127504281	0.5776683799	0.6071272643	0.6126375773	0.6277733779	0.6402196589	0.6428762430	0.6415643299	0.6331311067	0.6165588458	0.6323317897	0.6843158694	0.7282685532	0.7705217105	0.8283060475	0.8775609100	0.9129926807	0.9459927637	0.9749531960	0.9955239901	1.0145992145	1.0277510463	1.0536251165	1.0947572157	1.1289534011	1.1309402077	1.1192193393	1.1294764832	1.1688017556	1.1945775004	1.2076377056	1.2069860072	1.2294885553	1.2568255170	1.2478837152	1.2317879371	1.2466583551	1.2818476258	1.3254924313	1.3587451811	1.3780917541	1.3850486189	1.3857067221	1.3833439535	1.3958964392	1.4081400195	1.4097444780	1.4048038834	1.4007727471	1.3945141343	1.3901943045	1.3748739612	1.3588745193	1.3447275807	1.3261607494	1.2916369692	1.2203876696	1.1307455142	1.0650649137	1.0179701930	0.9630370818	0.9289166495	0.8913433916	0.8612736318	0.8407287276	0.8175649514	0.8001313177	0.7872721404	0.7691712761	0.7517009428	0.7506810467	0.7441453499	0.7369064902	0.7255127947	0.6998486289	0.6762170580	0.6574104325	0.6293558370	0.6161136971	0.6182235758	0.6005540237	0.5919539393	0.5941040463	0.5879607020	0.5861893899	0.5814746479	0.5419601744	0.5176661990	0.5116833073	0.4904022154	0.4710262273	0.4622559831	0.4371984999	0.4058361545	0.3832392172	0.3280974801	0.2844980808	0.2900032303	0.2721651580	0.2560351300	0.2723682629	0.2682146732	0.2665977643	0.2885576920	0.2777280812	0.2773169204	0.2988397478	0.2696360716	0.2529036686	0.2684804415	0.2708310822	0.2909302046	0.3147944393	0.3035579424	0.3109013958	0.3326421238	0.3190226964	0.3196153240	0.3444600600	0.3384924657	0.3483243761	0.3619227177	15	2044	52.0000000000	39	5180.1500000000	0	2017-198	19:28:13.489
0251	1.0240000000	0.0000000000	0.3406547600	0.3467641486	0.3397744462	0.3316297095	0.3404521140	0.3798017186	0.3911409675	0.3878521373	0.4037367282	0.4024498241	0.3965598402	0.3939897249	0.4109265453	0.4195649021	0.4417800237	0.5102483188	0.5795785057	0.6089520260	0.6159832283	0.6299613047	0.6452588622	0.6431196164	0.6427160100	0.6359705265	0.6166635352	0.6352774850	0.6865091751	0.7271815315	0.7731023880	0.8303079187	0.8783768835	0.9174799235	0.9477120933	0.9727340001	0.9973606925	1.0145992145	1.0243363702	1.0536251165	1.0956514971	1.1277899920	1.1330261243	1.1215724379	1.1272530809	1.1749232443	1.1965249501	1.2037585195	1.2134018019	1.2298694789	1.2549423502	1.2533353253	1.2283636790	1.2421845099	1.2848332872	1.3211137502	1.3525401120	1.3783229132	1.3812827008	1.3810800571	1.3831196768	1.3914434962	1.4055850254	1.4083027379	1.4020310185	1.3993290470	1.3898398699	1.3866080341	1.3749870993	1.3568062250	1.3408499455	1.3253098885	1.2857961403	1.2165224047	1.1335512393	1.0591587742	1.0164155761	0.9689312674	0.9229594763	0.8918578260	0.8666538220	0.8367989409	0.8128863213	0.8030401116	0.7841376592	0.7647326004	0.7559241163	0.7461671772	0.7428558295	0.7393400415	0.7219031498	0.6973457005	0.6811005170	0.6544531605	0.6263722077	0.6157130260	0.6137953415	0.6011603654	0.5970288318	0.5908431481	0.5930878328	0.5884548020	0.5733849930	0.5453016229	0.5178762288	0.5055700514	0.4912469587	0.4744135892	0.4544065914	0.4350761771	0.4109194557	0.3794208068	0.3310749989	0.2969149495	0.2837176596	0.2781059232	0.2623114513	0.2730548531	0.2771002510	0.2665977643	0.2868443918	0.2879764329	0.2798710171	0.2951836343	0.2786803700	0.2529036686	0.2621367050	0.2747652401	0.2860631498	0.3118715568	0.2999652183	0.3053984727	0.3285711036	0.3103372287	0.3163076115	0.3451423125	0.3293249614	0.3381092961	0.3641818472	15	2044	50.5000000000	40	5181.3500000000	0	2017-198	19:28:14.565
0251	1.0240000000	0.0000000000	0.3513205112	0.3441588583	0.3458661796	0.3388933308	0.3433802192	0.3830636124	0.4001327139	0.3903361069	0.4081446106	0.4121424692	0.3977678834	0.4011770791	0.4209359052	0.4197389101	0.4473937090	0.5190891051	0.5833987575	0.6141221842	0.6203471209	0.6320124862	0.6492643827	0.6494473241	0.6458255461	0.6407756986	0.6239917950	0.6392389373	0.6897991337	0.7357788848	0.7786607703	0.8363135324	0.8872505950	0.9219671663	0.9543744954	0.9818327030	1.0018376543	1.0218241246	1.0322632969	1.0598712098	1.1048498203	1.1325728959	1.1371979576	1.1300697386	1.1349695949	1.1775281331	1.2118448883	1.2089307677	1.2153265403	1.2429478543	1.2614706617	1.2570523322	1.2453626745	1.2461746961	1.2923571539	1.3350781925	1.3583939508	1.3887250729	1.3947487108	1.3866094860	1.3924271613	1.4022418830	1.4099174067	1.4200584642	1.4129006488	1.4018832856	1.4011916548	1.3943409297	1.3775892740	1.3649644969	1.3498977610	1.3274978166	1.2936685619	1.2231866545	1.1342526706	1.0668367556	1.0226340440	0.9715509055	0.9316399287	0.8997458207	0.8698483100	0.8405649865	0.8248248946	0.8033633110	0.7852924681	0.7766828811	0.7569799096	0.7456255129	0.7524351235	0.7408376116	0.7238029629	0.7090902108	0.6838352540	0.6522844944	0.6393012682	0.6179167169	0.6099709573	0.6118724031	0.5954048662	0.5879898623	0.5986251341	0.5919558934	0.5632210675	0.5482253903	0.5212367061	0.5019864187	0.4952594895	0.4744135892	0.4499515312	0.4395330550	0.4138847148	0.3719961199	0.3329891182	0.3003402927	0.2774320888	0.2767857531	0.2732950136	0.2595519130	0.2738266170	0.2795108006	0.2653057606	0.2832271968	0.2944293681	0.2716800476	0.2778823436	0.2648287914	0.2395199055	0.2781373754	0.2960835568	0.2873193443	0.3107433907	0.3109013958	0.3060239146	0.3228829042	0.3156460690	0.3110296891	0.3360242915	0.3315424590	0.3389549007	15	2054	50.5000000000	41	5182.5500000000	0	2017-198	19:28:15.829
0251	1.0240000000	0.0000000000	0.3499872923	0.3497168111	0.3458661796	0.3367747746	0.3467475402	0.3821740050	0.3983343646	0.3934410689	0.4042264929	0.4093015215	0.4010468577	0.3943403275	0.4153166154	0.4251331574	0.4393984602	0.5145853083	0.5838762889	0.6048463122	0.6187470270	0.6340636676	0.6402196589	0.6472569637	0.6470923942	0.6313837714	0.6202229757	0.6405594214	0.6808265194	0.7325178198	0.7776682020	0.8276053926	0.8847006779	0.9214453939	0.9467449704	0.9809450247	1.0017228604	1.0135332442	1.0334828241	1.0609955066	1.0953959882	1.1348997140	1.1388927649	1.1218338933	1.1386316693	1.1767466665	1.2015883195	1.2138444034	1.2168663311	1.2329168673	1.2637304619	1.2554416292	1.2347230154	1.2508903708	1.2896103454	1.3266758586	1.3603842560	1.3847953681	1.3861898061	1.3902205417	1.3902965323	1.3954511449	1.4132500077	1.4178404027	1.4051366272	1.4064364934	1.4004126107	1.3928840073	1.3850563841	1.3661135493	1.3490752323	1.3378296996	1.2979856963	1.2246527894	1.1478604374	1.0686085974	1.0223231206	0.9859589150	0.9336823880	0.9004317332	0.8829625237	0.8444947731	0.8245022304	0.8153216860	0.7895817582	0.7737806701	0.7675378433	0.7514032658	0.7524351235	0.7486998544	0.7270326452	0.7063947494	0.6826632239	0.6532702517	0.6337318268	0.6231254407	0.6158081753	0.6056068716	0.5984498017	0.5949192708	0.5939081737	0.5958688780	0.5773261069	0.5475988687	0.5266974818	0.5116833073	0.4914581445	0.4807648929	0.4550430286	0.4323171574	0.4164263654	0.3772994677	0.3244819215	0.2973431174	0.2804665023	0.2629239676	0.2692602356	0.2643580442	0.2611997433	0.2768803673	0.2731379901	0.2742286441	0.2872778974	0.2789922746	0.2621878259	0.2548008472	0.2497250468	0.2595906311	0.2869220419	0.2922882445	0.2936779511	0.3050927548	0.3116607119	0.3093721767	0.3186230102	0.3226279811	0.3236834203	0.3439464847	0.3619227177	15	2074	51.5000000000	42	5183.7500000000	0	2017-198	19:28:16.983
0251	1.0240000000	0.0000000000	0.3406547600	0.3486746949	0.3380110497	0.3276952479	0.3433802192	0.3712021804	0.3872445441	0.3890941221	0.3950842182	0.3997759909	0.3956969523	0.3882047812	0.4084681060	0.4181728383	0.4368467851	0.5077462094	0.5795785057	0.6030215505	0.6107465571	0.6277733779	0.6373770315	0.6404425093	0.6423705060	0.6301824784	0.6140462996	0.6343633037	0.6802283451	0.7270827114	0.7738964426	0.8242022115	0.8794988470	0.9166450877	0.9418018978	0.9753970351	1.0000009520	1.0110459801	1.0266534719	1.0577475381	1.0925853894	1.1321850929	1.1351120410	1.1210495271	1.1360159019	1.1736207999	1.2002900197	1.2113875856	1.2131451701	1.2349484596	1.2580809615	1.2555655295	1.2347230154	1.2467792698	1.2869829634	1.3289243705	1.3540621101	1.3836395726	1.3904121991	1.3822085120	1.3886144568	1.4024645302	1.4059182855	1.4169531780	1.4135661364	1.4012169625	1.3994109827	1.3987116967	1.3757790655	1.3665731703	1.3548329331	1.3264038526	1.2962080527	1.2290511943	1.1321483768	1.0702327858	1.0282306651	0.9687675401	0.9328313633	0.9071193809	0.8683351315	0.8467871486	0.8290195284	0.8027169123	0.7885919220	0.7802679652	0.7555721852	0.7488754989	0.7605406800	0.7434583592	0.7287424770	0.7150587324	0.6814911937	0.6580018869	0.6428816235	0.6207214143	0.6172171589	0.6157125676	0.5986527974	0.5955306892	0.6031370092	0.5915440003	0.5796078044	0.5607558219	0.5222868553	0.5099968919	0.5007503210	0.4780126613	0.4592859430	0.4452633266	0.4176971907	0.3840877529	0.3387314759	0.2990557890	0.2934711314	0.2811863200	0.2685877726	0.2776321209	0.2789708989	0.2775977582	0.2836625485	0.2852268752	0.2903428134	0.2847375958	0.2778823436	0.2588662300	0.2488976029	0.2742032175	0.2966561515	0.2919959562	0.3110427843	0.3118185496	0.3050844484	0.3212744843	0.3192845527	0.3117119416	0.3483651626	0.3384741204	0.3280357746	15	2062	53.5000000000	43	5184.9500000000	0	2017-198	19:28:18.278
0251	1.0240000000	0.0000000000	0.3473208545	0.3471115207	0.3317590075	0.3348075438	0.3401593034	0.3683850903	0.3923398670	0.3866101525	0.3911661004	0.4051236572	0.3922454004	0.3889059865	0.4170726435	0.4169547825	0.4319135465	0.5122500063	0.5735297739	0.5989158366	0.6145285974	0.6223035607	0.6342759833	0.6425111829	0.6381092898	0.6275614755	0.6148838150	0.6311128813	0.6771377779	0.7266874308	0.7688343445	0.8253032407	0.8781728901	0.9135144531	0.9448107246	0.9741764774	0.9955239901	1.0098615686	1.0262876137	1.0548743352	1.0928408984	1.1289534011	1.1306794681	1.1147745974	1.1299996367	1.1707554222	1.1892544710	1.2046636630	1.2103222205	1.2221240332	1.2548168057	1.2496183184	1.2254286006	1.2419426805	1.2845944342	1.3168534119	1.3523059584	1.3778605950	1.3771744266	1.3795002202	1.3815497396	1.3849867289	1.4010304706	1.4074155133	1.3962634596	1.3972190238	1.3950705943	1.3831338346	1.3723849245	1.3595639507	1.3384998636	1.3219064447	1.2910020965	1.2142565598	1.1299037967	1.0606353091	1.0109744166	0.9661479020	0.9265337802	0.8884282632	0.8627868103	0.8374539054	0.8085303554	0.8001313177	0.7838077138	0.7590988967	0.7532846329	0.7440005199	0.7365924450	0.7359705089	0.7207632619	0.6936875744	0.6728963059	0.6538617061	0.6215984007	0.6115059799	0.6091658238	0.5983307706	0.5937809006	0.5888050868	0.5857047644	0.5878369623	0.5690290249	0.5432132176	0.5218667956	0.5051484476	0.4948371178	0.4731433285	0.4474057826	0.4386841259	0.4085896094	0.3730567894	0.3327764383	0.2911346830	0.2776488326	0.2737053563	0.2542418953	0.2588653228	0.2721898001	0.2560760311	0.2655505178	0.2829772370	0.2701654497	0.2742915573	0.2757542734	0.2409785458	0.2417264226	0.2736411950	0.2726071748	0.2881962090	0.3095458160	0.2986726779	0.3066502254	0.3264214281	0.3067152454	0.3219457286	0.3455443921	0.3311776347	0.3453557677	15	2065	52.0000000000	44	5187.5500000000	0	2017-198	19:28:20.790
0251	1.0240000000	0.0000000000	0.3360837238	0.3457220325	0.3370491971	0.3228528337	0.3417697613	0.3747606100	0.3857459197	0.3898703626	0.3996553555	0.3964336995	0.3982856162	0.3918861090	0.4072388863	0.4261772052	0.4373571201	0.5075794022	0.5848313519	0.6021091696	0.6135103558	0.6347473948	0.6407365003	0.6421461229	0.6460558821	0.6328034813	0.6153025727	0.6353790607	0.6823219551	0.7277744524	0.7719113061	0.8251030535	0.8783768835	0.9143492890	0.9436286855	0.9751751155	0.9948352268	1.0145992145	1.0284827626	1.0510017573	1.0943739522	1.1310216838	1.1287239212	1.1202651609	1.1309151553	1.1660666224	1.1970442701	1.2038878257	1.2057028483	1.2315201476	1.2531847279	1.2463969125	1.2300758080	1.2409753626	1.2812504935	1.3231255767	1.3523059584	1.3756645835	1.3833368379	1.3805158296	1.3817740163	1.3973436457	1.4038076381	1.4077482226	1.4033619937	1.3985516700	1.3911753740	1.3894098079	1.3777024120	1.3560018883	1.3459026217	1.3261607494	1.2873198348	1.2185216797	1.1325692356	1.0588634673	1.0157937293	0.9695861770	0.9214276318	0.8935726075	0.8690076553	0.8361439765	0.8211142569	0.8061105052	0.7844676046	0.7758292896	0.7576837719	0.7494171633	0.7563036846	0.7421479854	0.7249428508	0.7079350131	0.6818818705	0.6589876442	0.6339307354	0.6217230920	0.6190287093	0.6082343526	0.6006827545	0.5985877812	0.5932929180	0.5975164504	0.5771186798	0.5404982907	0.5256473326	0.5118941092	0.4882903571	0.4803414726	0.4571644858	0.4306192992	0.4191798202	0.3802693424	0.3238438817	0.3007684605	0.2845846349	0.2664444211	0.2697085442	0.2661889513	0.2595629264	0.2773586279	0.2760750762	0.2747285637	0.2900874038	0.2860433506	0.2659119487	0.2588662300	0.2480701590	0.2688640033	0.2932205834	0.2952111269	0.3011627930	0.3109013958	0.3079028470	0.3077637568	0.3278846051	0.3226279811	0.3296775578	0.3497836732	0.3468618541	15	2060	51.5000000000	45	5188.7600000000	0	2017-198	19:28:22.022
0251	1.0240000000	0.0000000000	0.3497968325	0.3641327511	0.3436218568	0.3394986325	0.3558246665	0.3832118803	0.4002825763	0.4019797144	0.4065120615	0.4126438130	0.4084676942	0.3955674368	0.4211115080	0.4294833568	0.4412696887	0.5189222978	0.5880148950	0.6136659937	0.6257292552	0.6384395214	0.6484891207	0.6523678046	0.6515839463	0.6393559887	0.6246199316	0.6409657242	0.6887024808	0.7360753453	0.7806459068	0.8353125968	0.8879645718	0.9273935995	0.9550192440	0.9830532607	1.0081513185	1.0199290662	1.0353121149	1.0639936313	1.1005061677	1.1361923908	1.1426734889	1.1257557244	1.1370622088	1.1816959552	1.2031462793	1.2122927290	1.2199459125	1.2355833322	1.2609684839	1.2585391350	1.2358236698	1.2481093319	1.2912823158	1.3283326568	1.3569890295	1.3853732659	1.3885862994	1.3855938766	1.3906329474	1.3994587936	1.4106950136	1.4195039488	1.4135661364	1.4034380395	1.4033062030	1.3983754839	1.3778155501	1.3680669384	1.3548329331	1.3279840229	1.2996363653	1.2279849143	1.1331303806	1.0748100439	1.0268315098	0.9692587222	0.9398097662	0.9031753835	0.8700164409	0.8500619708	0.8232115739	0.8040097096	0.7965106114	0.7720734871	0.7566279785	0.7600698952	0.7480139109	0.7380296677	0.7346318977	0.7033142221	0.6814911937	0.6684509146	0.6301514715	0.6191187301	0.6224505267	0.6039899603	0.5958108576	0.6002182302	0.5896013838	0.5892785882	0.5796078044	0.5407071313	0.5193464376	0.5142129304	0.4923028879	0.4710262273	0.4616195460	0.4295581378	0.4077423925	0.3842998868	0.3261833608	0.2904924312	0.2869688169	0.2668844777	0.2589491363	0.2723682629	0.2611997433	0.2634890704	0.2775436192	0.2709791667	0.2750182334	0.2889160112	0.2571336591	0.2412495713	0.2579994856	0.2539704055	0.2803372030	0.3022260448	0.2876900776	0.3017298574	0.3210553739	0.3103372287	0.3166383828	0.3403665452	0.3275619798	0.3468650789	0.3551453291	15	2068	53.0000000000	46	5189.9500000000	0	2017-198	19:28:23.192
0251	1.0240000000	0.0000000000	0.3469399348	0.3471115207	0.3397744462	0.3349588692	0.3432338139	0.3741675384	0.3938384914	0.3884731297	0.3962270025	0.4051236572	0.3962146850	0.3920614103	0.4153166154	0.4197389101	0.4348054450	0.5135844646	0.5770316713	0.6008926618	0.6155468390	0.6276366324	0.6369894004	0.6433629897	0.6420250020	0.6284351431	0.6157213304	0.6313160327	0.6785335179	0.7245133874	0.7697276559	0.8220001531	0.8743990128	0.9149754159	0.9423391883	0.9717353620	0.9966719291	1.0091509217	1.0240924648	1.0556238664	1.0925853894	1.1259802446	1.1351120410	1.1168662407	1.1293456949	1.1754442221	1.1941880104	1.2069911746	1.2137867496	1.2289806572	1.2572021503	1.2540787267	1.2286082689	1.2438773162	1.2847138607	1.3202853511	1.3548816475	1.3792475496	1.3793426825	1.3817571300	1.3824468466	1.3911095255	1.4079178461	1.4090790595	1.4018091894	1.4017722317	1.3909527900	1.3869442469	1.3778155501	1.3585298036	1.3434350356	1.3278624713	1.2871928602	1.2185216797	1.1353749607	1.0613735766	1.0176592696	0.9725332698	0.9238105011	0.8949444326	0.8716977504	0.8390913165	0.8206302607	0.8107968954	0.7861173316	0.7696834310	0.7641944976	0.7492366085	0.7467243906	0.7445815367	0.7211432245	0.7006187608	0.6848119458	0.6501158283	0.6303503802	0.6219234275	0.6095683906	0.6043941881	0.5990587889	0.5835061274	0.5908318952	0.5981342901	0.5681993167	0.5438397392	0.5298479293	0.5038836360	0.4901910296	0.4828819941	0.4508001141	0.4359251062	0.4196034287	0.3717839859	0.3306496391	0.3016247963	0.2767818574	0.2719451296	0.2712776246	0.2671044049	0.2712544761	0.2816629733	0.2760750762	0.2772281617	0.2898319941	0.2831706900	0.2648479136	0.2575111024	0.2486217883	0.2607146762	0.2955109621	0.2966725681	0.2846961409	0.3139585753	0.3107212457	0.2926446094	0.3282153764	0.3301327582	0.3166314940	0.3512429704	0.3513801132	15	2056	51.0000000000	47	5191.1600000000	0	2017-198	19:28:24.393
0251	1.0240000000	0.0000000000	0.3507491317	0.3577063682	0.3359270356	0.3405579106	0.3531893718	0.3746123421	0.3999828514	0.3999614891	0.3973697868	0.4154847607	0.4079499614	0.3880294798	0.4242723585	0.4247851414	0.4358261150	0.5252609748	0.5861047691	0.6048463122	0.6274748122	0.6351576311	0.6415117623	0.6543147916	0.6468620582	0.6345508166	0.6261902730	0.6374105747	0.6835183037	0.7374588274	0.7772711747	0.8303079187	0.8885765519	0.9211323305	0.9485717580	0.9868258936	1.0040187383	1.0157836260	1.0383609328	1.0598712098	1.0976955690	1.1381314058	1.1375890670	1.1226182596	1.1390240344	1.1736207999	1.1995110398	1.2148788531	1.2134018019	1.2343135870	1.2637304619	1.2545743276	1.2342338357	1.2508903708	1.2875800957	1.3266758586	1.3605013328	1.3823681975	1.3863039249	1.3896563142	1.3864838278	1.3965643807	1.4126945742	1.4129606672	1.4077985775	1.4061033319	1.3958496384	1.3885132402	1.3809834150	1.3623216764	1.3479001913	1.3324814308	1.2962080527	1.2263854944	1.1377598270	1.0687562509	1.0251214311	0.9718783603	0.9347036177	0.9004317332	0.8700164409	0.8462959253	0.8228889097	0.8065953042	0.7932111575	0.7720734871	0.7569799096	0.7546532518	0.7419347435	0.7415863966	0.7289324583	0.7006187608	0.6820772088	0.6595790986	0.6265711163	0.6171153747	0.6162107420	0.5977244288	0.5976378189	0.5951230769	0.5842691678	0.5917499469	0.5762889717	0.5417513339	0.5172461393	0.5099968919	0.4855449413	0.4712379374	0.4550430286	0.4321049252	0.4073187841	0.3781480033	0.3217170826	0.2883515918	0.2791660394	0.2673245344	0.2564834387	0.2648157710	0.2689161662	0.2649238522	0.2728932330	0.2777280812	0.2747628237	0.2805591804	0.2691040540	0.2439598265	0.2450361981	0.2654918679	0.2823412844	0.2911190915	0.2999652183	0.3014241394	0.3122870227	0.3116239647	0.3149845265	0.3216046024	0.3384924657	0.3446761332	0.3491209836	15	2037	51.5000000000	48	5192.3500000000	0	2017-198	19:28:25.797
0251	1.0240000000	0.0000000000	0.3480826939	0.3486746949	0.3413775340	0.3378340527	0.3446978666	0.3798017186	0.3972853275	0.3920438360	0.4011246497	0.4094686361	0.3998388145	0.3901330957	0.4209359052	0.4237410936	0.4354858917	0.5185886833	0.5803743915	0.6022612331	0.6204925840	0.6335166859	0.6363433488	0.6467702170	0.6445586981	0.6299640615	0.6213745594	0.6378168775	0.6798295622	0.7337036616	0.7750875246	0.8255034278	0.8840886978	0.9198800766	0.9450256408	0.9807231051	1.0009193032	1.0104537743	1.0323852496	1.0573727725	1.0948849702	1.1342533757	1.1323742754	1.1156896913	1.1368006321	1.1738812888	1.1948371603	1.2116461980	1.2110921158	1.2269490649	1.2617217506	1.2506095203	1.2284859739	1.2475047582	1.2855498459	1.3173267829	1.3571061063	1.3799410269	1.3775167828	1.3878507864	1.3855867209	1.3909982019	1.4115837072	1.4130715703	1.4026965061	1.4061033319	1.3971851425	1.3872804598	1.3852826602	1.3612875293	1.3417899783	1.3361279777	1.2906211729	1.2179885397	1.1456158573	1.0644742998	1.0175038079	0.9802284567	0.9290868545	0.8956303452	0.8760691550	0.8433485853	0.8203075966	0.8093424985	0.7889218674	0.7736099518	0.7627867731	0.7517643754	0.7493034313	0.7419607891	0.7266526826	0.7010038267	0.6838352540	0.6546503120	0.6301514715	0.6187180590	0.6141979083	0.6047984160	0.5964198447	0.5955306892	0.5926776623	0.5915440003	0.5760815446	0.5450927823	0.5185063183	0.5091536842	0.4920917020	0.4754721398	0.4516486970	0.4342272480	0.4115548684	0.3787844051	0.3289481998	0.2956304459	0.2830674281	0.2675445628	0.2641046860	0.2648157710	0.2649410393	0.2668368946	0.2743617760	0.2749785235	0.2722087271	0.2779476707	0.2611237907	0.2385393161	0.2431054957	0.2660538905	0.2757564456	0.2884884973	0.2999652183	0.2888897035	0.3116607119	0.3174142764	0.3010921342	0.3267214959	0.3282671725	0.3297183376	0.3589105450	15	2051	49.0000000000	49	5194.9700000000	0	2017-198	19:28:28.200
0251	1.0240000000	0.0000000000	0.3576056860	0.3483273229	0.3399347550	0.3405579106	0.3442586508	0.3781707717	0.4007321636	0.3895598664	0.4003083751	0.4101370944	0.3994936593	0.3913602050	0.4200578912	0.4254811733	0.4417800237	0.5197563343	0.5869006549	0.6106247242	0.6245655505	0.6332431950	0.6420286037	0.6513943111	0.6452497061	0.6359705265	0.6247246210	0.6382231803	0.6867085665	0.7364706259	0.7771719179	0.8322096964	0.8874545884	0.9219671663	0.9516880429	0.9840518988	1.0037891505	1.0226532126	1.0356779730	1.0621198034	1.1062551197	1.1381314058	1.1403268326	1.1313770156	1.1378469391	1.1803935108	1.2075604988	1.2146202407	1.2175079105	1.2393925678	1.2634793730	1.2584152348	1.2394925178	1.2517367739	1.2936708449	1.3297527696	1.3594476418	1.3887250729	1.3885862994	1.3902205417	1.3925392997	1.3994587936	1.4138054412	1.4189494334	1.4094622964	1.4088796781	1.4035287870	1.3945650716	1.3831330376	1.3696756117	1.3495452487	1.3351555652	1.2974777981	1.2229200845	1.1430907047	1.0709710532	1.0195248100	0.9784274555	0.9328313633	0.8954588671	0.8794317739	0.8440035498	0.8198236004	0.8135440897	0.7899117036	0.7691712761	0.7670099466	0.7517643754	0.7439611327	0.7496358357	0.7266526826	0.6977307664	0.6945788638	0.6603677045	0.6253776646	0.6311388620	0.6180222924	0.5938842643	0.6083965911	0.5957344953	0.5846793382	0.6036948471	0.5783632421	0.5402894502	0.5384591524	0.5104184957	0.4925140737	0.4989719633	0.4578009230	0.4359251062	0.4333707028	0.3794208068	0.3263960407	0.3101881541	0.2808999899	0.2686447045	0.2744157852	0.2643580442	0.2682146732	0.2838151460	0.2763198334	0.2762283225	0.2882995361	0.2831706900	0.2704340979	0.2594082811	0.2494492321	0.2652108567	0.2889261233	0.2952111269	0.3008633994	0.3053984727	0.3210553739	0.3122673326	0.3153152978	0.3301327582	0.3314405393	0.3351907019	0.3536392427	15	2050	52.5000000000	50	5196.1700000000	0	2017-198	19:28:29.385
0251	1.0240000000	0.0000000000	0.3417975191	0.3429430561	0.3458661796	0.3308730823	0.3405985192	0.3815809334	0.3917404173	0.3859891601	0.4063488066	0.4039538552	0.3941437539	0.3959180394	0.4103997368	0.4157367266	0.4429708054	0.5079130167	0.5746440139	0.6106247242	0.6129285034	0.6251752147	0.6452588622	0.6410509427	0.6404126499	0.6354244843	0.6144650573	0.6337538495	0.6843158694	0.7266874308	0.7717127925	0.8302078251	0.8779688967	0.9159146063	0.9503985457	0.9722901610	0.9971311047	1.0187446547	1.0264095664	1.0581223037	1.1005061677	1.1302460778	1.1386320253	1.1253635413	1.1323538274	1.1788305775	1.2052235591	1.2084135429	1.2166096993	1.2378688736	1.2607173950	1.2538309263	1.2381472735	1.2472629287	1.2865052575	1.3315279106	1.3594476418	1.3804033452	1.3915533864	1.3871737135	1.3861474127	1.4007946765	1.4121391407	1.4104098964	1.4107932715	1.4058812242	1.3950705943	1.3953495682	1.3795126205	1.3616322450	1.3491927364	1.3300503995	1.2896053765	1.2231866545	1.1352346744	1.0607829626	1.0221676589	0.9697499043	0.9238105011	0.8983739955	0.8720340123	0.8384363520	0.8211142569	0.8069185035	0.7843026319	0.7715613322	0.7583876341	0.7465282868	0.7491192141	0.7408376116	0.7213332059	0.7048544858	0.6824678855	0.6499186768	0.6309471060	0.6193190656	0.6063478566	0.6035857325	0.5986527974	0.5847289642	0.5902166395	0.5929856262	0.5681993167	0.5419601744	0.5218667956	0.5062024572	0.4918805162	0.4763189803	0.4546187371	0.4382596613	0.4119784768	0.3764509320	0.3357539571	0.2941318583	0.2878357921	0.2737053563	0.2614148340	0.2714528094	0.2693838282	0.2689890673	0.2821940055	0.2752284833	0.2732303657	0.2917886718	0.2685720365	0.2482962348	0.2632399636	0.2587475973	0.2863494472	0.3060257919	0.2948755259	0.2986726779	0.3232474618	0.3096938607	0.3116768141	0.3407076714	0.3208626498	0.3340962290	0.3687001063	15	2038	51.5000000000	51	5197.3700000000	0	2017-198	19:28:30.602
0251	1.0240000000	0.0000000000	0.3547487884	0.3446799163	0.3354461093	0.3391959816	0.3395736824	0.3737227347	0.4011817510	0.3850576715	0.3973697868	0.4103042089	0.3948340643	0.3887306851	0.4204090968	0.4157367266	0.4344652216	0.5162533812	0.5754398997	0.6011967887	0.6200561947	0.6276366324	0.6376354521	0.6484738306	0.6408733219	0.6316021883	0.6207464228	0.6349727579	0.6814246937	0.7333083810	0.7718120493	0.8280057668	0.8837827077	0.9153928339	0.9444883503	0.9805011855	0.9957535779	1.0112828624	1.0326291551	1.0538749602	1.0943739522	1.1352875170	1.1305490983	1.1222260765	1.1358851135	1.1706251778	1.2008093396	1.2122927290	1.2113487476	1.2315201476	1.2615962062	1.2525919240	1.2341115408	1.2498021382	1.2875800957	1.3260841449	1.3581597973	1.3825993566	1.3840215503	1.3871737135	1.3890630103	1.3936699677	1.4105839269	1.4155114380	1.4035838229	1.4054370088	1.3999674427	1.3868321760	1.3813228291	1.3641601603	1.3404974332	1.3316305698	1.2958271291	1.2158559798	1.1407058383	1.0687562509	1.0151718825	0.9754803626	0.9316399287	0.8894571320	0.8732109289	0.8423661387	0.8148223062	0.8106352958	0.7887568947	0.7643911639	0.7638425665	0.7553754709	0.7419347435	0.7475766768	0.7293124210	0.6983083653	0.6887187130	0.6570161296	0.6265711163	0.6249284605	0.6172171589	0.5979265427	0.6006827545	0.5957344953	0.5871403610	0.5966926642	0.5754592635	0.5359037991	0.5248072133	0.5106292976	0.4819547823	0.4769541107	0.4546187371	0.4276480473	0.4143083232	0.3715718520	0.3215044027	0.3037656358	0.2763483697	0.2598435708	0.2701568529	0.2606962299	0.2644733773	0.2797499309	0.2687323610	0.2762283225	0.2808926558	0.2753361611	0.2664439663	0.2463990562	0.2392440909	0.2685829920	0.2797646083	0.2861501913	0.3047555172	0.2931697548	0.3038318268	0.3196660644	0.3034075329	0.3226279811	0.3416658326	0.3235163248	0.3472383757	15	2046	53.0000000000	52	5198.5700000000	0	2017-198	19:28:31.788
